x,y,z,xdot,ydot,zdot,Period,JC,Stability
1.1546773226032452,0.0,0.0,0.0,0.005431786460054818,0.0,3.373299702586028,3.172138430866962,1453.2699680751177
1.1532990013101712,0.0,0.0,0.0,0.012820826989570572,0.0,3.373488661196556,3.1720384308669622,1451.9881101386202
1.152452968669923,0.0,0.0,0.0,0.017322589374172838,0.0,3.3736778226068362,3.1719384308669616,1450.7070495593189
1.1517793034560142,0.0,0.0,0.0,0.020889574600667083,0.0,3.373867187100818,3.171838430866962,1449.4267861734304
1.1512006811982578,0.0,0.0,0.0,0.023941224845410256,0.0,3.3740567549304115,3.171738430866962,1448.1473197374398
1.1506845659825171,0.0,0.0,0.0,0.02665401933370035,0.0,3.3742465263478327,3.171638430866962,1446.868650006227
1.1502135994417162,0.0,0.0,0.0,0.02912210708319384,0.0,3.3744365015752407,3.171538430866214,1445.5907765553825
1.149777222307241,0.0,0.0,0.0,0.03140275682277137,0.0,3.374626680948575,3.171438430866739,1444.3136996301641
1.1493684437944025,0.0,0.0,0.0,0.033533881423731024,0.0,3.3748170646527047,3.171338430866882,1443.0374185819687
1.1489823517351265,0.0,0.0,0.0,0.035542119475004776,0.0,3.3750076529537187,3.1712384308669286,1441.7619332386448
1.1486153382063748,0.0,0.0,0.0,0.03744703565321582,0.0,3.3751984461085627,3.171138430866946,1440.4872433717874
1.1482646607709877,0.0,0.0,0.0,0.03926350059810532,0.0,3.37538944437262,3.1710384308669535,1439.2133487416525
1.1479281770151792,0.0,0.0,0.0,0.04100313077548451,0.0,3.3755806480011032,3.170938430866957,1437.9402491049425
1.14760417541428,0.0,0.0,0.0,0.04267520583665101,0.0,3.375772057249465,3.1708384308669575,1436.667944218789
1.1472912629654322,0.0,0.0,0.0,0.044287278068201145,0.0,3.375963672373539,3.170738430866958,1435.39643383742
1.1469882879038833,0.0,0.0,0.0,0.04584559154826571,0.0,3.3761554936295033,3.1706384308669584,1434.1257177175273
1.1466942849769857,0.0,0.0,0.0,0.04735537895191775,0.0,3.376347521273909,3.170538430866958,1432.8557956140644
1.1464084357152864,0.0,0.0,0.0,0.04882107701523361,0.0,3.376539755563727,3.1704384308669584,1431.5866672828286
1.1461300389640279,0.0,0.0,0.0,0.050246486349814906,0.0,3.3767321967563526,3.170338430866958,1430.3183324795507
1.1458584886110668,0.0,0.0,0.0,0.05163489222675251,0.0,3.376924845109493,3.1702384308669584,1429.0507909595171
1.1455932564731135,0.0,0.0,0.0,0.05298915738430308,0.0,3.3771177008813016,3.170138430866958,1427.7840424777905
1.145333878951217,0.0,0.0,0.0,0.054311794393373004,0.0,3.3773107643303297,3.170038430866958,1426.5180867901026
1.1450799464879244,0.0,0.0,0.0,0.05560502282860676,0.0,3.3775040357155506,3.169938430866958,1425.2529236523724
1.1448310951390772,0.0,0.0,0.0,0.05687081497131184,0.0,3.3776975152962856,3.1698384308669576,1423.9885528191808
1.1445869997638474,0.0,0.0,0.0,0.05811093273644654,0.0,3.3778912033322865,3.169738430866957,1422.7249740466902
1.1443473684687542,0.0,0.0,0.0,0.05932695779923666,0.0,3.3780851000836902,3.169638430866958,1421.4621870893147
1.1441119380344353,0.0,0.0,0.0,0.06052031639234488,0.0,3.3782792058110784,3.169538430866957,1420.200191702868
1.1438804701207879,0.0,0.0,0.0,0.06169229988209441,0.0,3.378473520775393,3.1694384308669568,1418.9389876431449
1.1436527480943526,0.0,0.0,0.0,0.06284408197039693,0.0,3.3786680452379434,3.169338430866956,1417.678574664475
1.1434285743576693,0.0,0.0,0.0,0.06397673317466453,0.0,3.3788627794605746,3.169238430866957,1416.418952523111
1.143207768086787,0.0,0.0,0.0,0.06509123309449989,0.0,3.379057723705382,3.1691384308669557,1415.1601209739133
1.142990163303196,0.0,0.0,0.0,0.06618848086496824,0.0,3.3792528782349693,3.1690384308669564,1413.9020797721028
1.14277560722166,0.0,0.0,0.0,0.06726930411385938,0.0,3.379448243312307,3.1689384308669557,1412.6448286727116
1.1425639588272098,0.0,0.0,0.0,0.06833446667635146,0.0,3.379643819200782,3.168838430866955,1411.3883674313377
1.142355087643579,0.0,0.0,0.0,0.06938467527166853,0.0,3.379839606164183,3.1687384308669557,1410.1326958030936
1.1421488726625233,0.0,0.0,0.0,0.07042058530738848,0.0,3.380035604466711,3.168638430866955,1408.8778135430293
1.1419452014090667,0.0,0.0,0.0,0.07144280594677517,0.0,3.380231814372968,3.168538430866955,1407.6237204062445
1.14174396912214,0.0,0.0,0.0,0.07245190455045013,0.0,3.380428236148007,3.168438430866955,1406.3704161479925
1.1415450780336958,0.0,0.0,0.0,0.07344841058416375,0.0,3.3806248700572263,3.1683384308669544,1405.1179005240162
1.1413484367321771,0.0,0.0,0.0,0.07443281906921136,0.0,3.380821716366481,3.1682384308669542,1403.8661732882251
1.1411539595986022,0.0,0.0,0.0,0.0754055936391553,0.0,3.3810187753420315,3.1681384308669536,1402.6152341965558
1.1409615663053805,0.0,0.0,0.0,0.07636716925645393,0.0,3.3812160472505317,3.168038430866954,1401.3650830037095
1.140771181369541,0.0,0.0,0.0,0.07731795463409505,0.0,3.381413532359072,3.167938430866954,1400.1157194650416
1.1405827337533176,0.0,0.0,0.0,0.078258334400494,0.0,3.381611230935172,3.1678384308669534,1398.8671433354632
1.1403961565061052,0.0,0.0,0.0,0.07918867104011107,0.0,3.3818091432467074,3.1677384308669527,1397.6193543698407
1.140211386442653,0.0,0.0,0.0,0.08010930663761673,0.0,3.382007269562023,3.167638430866953,1396.3723523233186
1.1400283638531274,0.0,0.0,0.0,0.08102056444930256,0.0,3.382205610149869,3.1675384308669527,1395.1261369510237
1.1398470322412546,0.0,0.0,0.0,0.08192275032225972,0.0,3.382404165279413,3.167438430866952,1393.8807080078789
1.1396673380873041,0.0,0.0,0.0,0.08281615397891308,0.0,3.3826029352202265,3.1673384308669523,1392.6360652485598
1.1394892306330746,0.0,0.0,0.0,0.08370105018227227,0.0,3.3828019202423096,3.1672384308669526,1391.3922084279657
1.1393126616864544,0.0,0.0,0.0,0.08457769979507948,0.0,3.3830011206160915,3.167138430866952,1390.1491373014253
1.1391375854434098,0.0,0.0,0.0,0.08544635074449705,0.0,3.3832005366124243,3.167038430866952,1388.9068516242003
1.1389639583255429,0.0,0.0,0.0,0.08630723890240477,0.0,3.3834001685025443,3.166938430866952,1387.6653511496515
1.1387917388315816,0.0,0.0,0.0,0.08716058889014232,0.0,3.3836000165581486,3.1668384308669517,1386.4246356340582
1.1386208874013755,0.0,0.0,0.0,0.08800661481551236,0.0,3.383800081051379,3.166738430866951,1385.1847048322443
1.1384513662911375,0.0,0.0,0.0,0.08884552094881899,0.0,3.384000362254708,3.166638430866951,1383.9455584979985
1.1382831394587922,0.0,0.0,0.0,0.08967750234409566,0.0,3.384200860441141,3.16653843086695,1382.7071963866783
1.1381161724584807,0.0,0.0,0.0,0.09050274541074349,0.0,3.3844015758840436,3.1664384308669504,1381.469618253728
1.1379504323433196,0.0,0.0,0.0,0.09132142844042355,0.0,3.3846025088572174,3.1663384308669507,1380.2328238524267
1.1377858875756446,0.0,0.0,0.0,0.0921337220933532,0.0,3.3848036596349305,3.1662384308669504,1378.9968129393324
1.137622507944055,0.0,0.0,0.0,0.09293978984779798,0.0,3.3850050284918245,3.1661384308669502,1377.7615852679914
1.1374602644866272,0.0,0.0,0.0,0.09373978841608273,0.0,3.3852066157029994,3.1660384308669496,1376.5271405934266
1.1372991294197514,0.0,0.0,0.0,0.09453386813015052,0.0,3.385408421543962,3.16593843086695,1375.2934786701642
1.1371390760720954,0.0,0.0,0.0,0.09532217329932602,0.0,3.385610446290691,3.165838430866949,1374.0605992531052
1.136980078823258,0.0,0.0,0.0,0.09610484254267838,0.0,3.3858126902195416,3.165738430866949,1372.8285020967523
1.1368221130466927,0.0,0.0,0.0,0.09688200909821865,0.0,3.3860151536073517,3.1656384308669483,1371.597186955872
1.1366651550565736,0.0,0.0,0.0,0.09765380111076533,0.0,3.3862178367313622,3.1655384308669485,1370.3666535852512
1.1365091820582347,0.0,0.0,0.0,0.09842034190040712,0.0,3.3864207398692674,3.1654384308669488,1369.1369017394813
1.1363541721019441,0.0,0.0,0.0,0.09918175021294195,0.0,3.386623863299162,3.1653384308669485,1367.907931172605
1.136200104039691,0.0,0.0,0.0,0.09993814045393086,0.0,3.3868272072996204,3.1652384308669474,1366.6797416399481
1.1360469574847925,0.0,0.0,0.0,0.10068962290753836,0.0,3.3870307721495934,3.1651384308669472,1365.4523328953098
1.1358947127740646,0.0,0.0,0.0,0.10143630394140998,0.0,3.387234558128551,3.165038430866948,1364.2257046941677
1.1357433509323869,0.0,0.0,0.0,0.10217828619864792,0.0,3.3874385655163093,3.1649384308669473,1362.999856790177
1.1355928536394617,0.0,0.0,0.0,0.10291566877783076,0.0,3.387642794593196,3.164838430866947,1361.7747889382697
1.1354432031986148,0.0,0.0,0.0,0.10364854740202326,0.0,3.3878472456399478,3.1647384308669473,1360.5505008928744
1.1352943825074762,0.0,0.0,0.0,0.10437701457757147,0.0,3.38805191893773,3.1646384308669466,1359.3269924081524
1.1351463750304107,0.0,0.0,0.0,0.10510115974341745,0.0,3.388256814768169,3.1645384308669464,1358.1042632393408
1.1349991647725788,0.0,0.0,0.0,0.10582106941160274,0.0,3.3884619334133257,3.164438430866946,1356.8823131399884
1.1348527362554885,0.0,0.0,0.0,0.10653682729966187,0.0,3.3886672751557074,3.164338430866946,1355.6611418649684
1.1347070744939718,0.0,0.0,0.0,0.10724851445532688,0.0,3.388872840278252,3.164238430866946,1354.440749168817
1.1345621649744404,0.0,0.0,0.0,0.10795620937427863,0.0,3.3890786290643455,3.1641384308669456,1353.221134805585
1.1344179936343777,0.0,0.0,0.0,0.10865998811121538,0.0,3.389284641797837,3.1640384308669454,1352.0022985295946
1.1342745468429525,0.0,0.0,0.0,0.10935992438483619,0.0,3.389490878762997,3.163938430866945,1350.7842400955897
1.1341318113826995,0.0,0.0,0.0,0.11005608967705406,0.0,3.3896973402445387,3.163838430866945,1349.5669592575273
1.1339897744321723,0.0,0.0,0.0,0.11074855332692075,0.0,3.389904026527661,3.1637384308669447,1348.3504557695596
1.1338484235495396,0.0,0.0,0.0,0.11143738261946559,0.0,3.390110937897965,3.1636384308669445,1347.1347293864583
1.1337077466570336,0.0,0.0,0.0,0.11212264286990668,0.0,3.3903180746415424,3.1635384308669448,1345.9197798622388
1.1335677320262092,0.0,0.0,0.0,0.11280439750346376,0.0,3.3905254370449023,3.163438430866944,1344.705606951278
1.1334283682639654,0.0,0.0,0.0,0.11348270813106086,0.0,3.390733025395014,3.163338430866944,1343.492210407708
1.1332896442992753,0.0,0.0,0.0,0.1141576346211682,0.0,3.3909408399792946,3.1632384308669437,1342.279589985695
1.1331515493705802,0.0,0.0,0.0,0.11482923516805642,0.0,3.3911488810856354,3.1631384308669435,1341.0677454396287
1.133014073013821,0.0,0.0,0.0,0.11549756635660981,0.0,3.391357149002359,3.163038430866943,1339.856676523461
1.1328772050510472,0.0,0.0,0.0,0.11616268322398965,0.0,3.3915656440182307,3.1629384308669426,1338.6463829914242
1.132740935579585,0.0,0.0,0.0,0.11682463931828417,0.0,3.39177436642251,3.162838430866943,1337.4368645975733
1.1326052549617325,0.0,0.0,0.0,0.11748348675429977,0.0,3.391983316504885,3.1627384308669426,1336.2281210967137
1.1324701538149329,0.0,0.0,0.0,0.11813927626676445,0.0,3.392192494555492,3.162638430866942,1335.0201522419309
1.1323356230024277,0.0,0.0,0.0,0.1187920572609253,0.0,3.392401900864946,3.1625384308669426,1333.812957788008
1.1322016536243271,0.0,0.0,0.0,0.1194418778608931,0.0,3.392611535724298,3.162438430866942,1332.6065374884108
1.1320682370091097,0.0,0.0,0.0,0.12008878495565341,0.0,3.392821399425104,3.1623384308669418,1331.4008910981074
1.1319353647055024,0.0,0.0,0.0,0.12073282424304022,0.0,3.3930314922593188,3.162238430866942,1330.1960183701524
1.131803028474725,0.0,0.0,0.0,0.12137404027169925,0.0,3.3932418145193837,3.1621384308669414,1328.9919190590822
1.1316712202830916,0.0,0.0,0.0,0.12201247648114841,0.0,3.393452366498236,3.162038430866941,1327.7885929188617
1.1315399322949304,0.0,0.0,0.0,0.12264817524010457,0.0,3.393663148489217,3.161938430866941,1326.5860397034396
1.1314091568658207,0.0,0.0,0.0,0.12328117788308819,0.0,3.393874160786161,3.1618384308669407,1325.384259166763
1.131278886536123,0.0,0.0,0.0,0.12391152474544674,0.0,3.394085403683366,3.16173843086694,1324.1832510625625
1.1311491140247834,0.0,0.0,0.0,0.12453925519688164,0.0,3.3942968774756035,3.16163843086694,1322.9830151452327
1.131019832223412,0.0,0.0,0.0,0.12516440767351186,0.0,3.3945085824580903,3.16153843086694,1321.7835511687558
1.1308910341906,0.0,0.0,0.0,0.12578701970863115,0.0,3.3947205189265124,3.1614384308669403,1320.5848588859792
1.1307627131464801,0.0,0.0,0.0,0.1264071279621326,0.0,3.394932687177053,3.1613384308669397,1319.3869380520111
1.1306348624675215,0.0,0.0,0.0,0.12702476824870695,0.0,3.3951450875063145,3.1612384308669395,1318.1897884197735
1.1305074756815183,0.0,0.0,0.0,0.12763997556493906,0.0,3.395357720211425,3.1611384308669392,1316.9934097436865
1.130380546462802,0.0,0.0,0.0,0.12825278411523539,0.0,3.3955705855899305,3.161038430866939,1315.7978017775517
1.1302540686276392,0.0,0.0,0.0,0.12886322733672903,0.0,3.3957836839398876,3.1609384308669393,1314.6029642749725
1.1301280361298083,0.0,0.0,0.0,0.1294713379232118,0.0,3.3959970155598014,3.1608384308669386,1313.408896989565
1.1300024430563638,0.0,0.0,0.0,0.13007714784805832,0.0,3.3962105807486673,3.160738430866939,1312.2155996755253
1.1298772836235549,0.0,0.0,0.0,0.13068068838632063,0.0,3.3964243798059193,3.160638430866938,1311.0230720858913
1.1297525521729124,0.0,0.0,0.0,0.13128199013589117,0.0,3.396638413031532,3.160538430866938,1309.8313139752438
1.1296282431674802,0.0,0.0,0.0,0.1318810830379039,0.0,3.3968526807258814,3.1604384308669373,1308.6403250967394
1.129504351184775,0.0,0.0,0.0,0.13247799641314684,0.0,3.397067183174277,3.160338430864079,1307.4501050756817
1.1292577972005213,0.0,0.0,0.0,0.1336653986246952,0.0,3.3974968936326895,3.1601384308669376,1305.0719713922504
1.1290128490861047,0.0,0.0,0.0,0.13484441920807583,0.0,3.397927546776642,3.1599384308669376,1302.6969105681057
1.1287694673976334,0.0,0.0,0.0,0.13601527147407802,0.0,3.39835914504607,3.1597384308669367,1300.32492076002
1.1285276142701401,0.0,0.0,0.0,0.13717816020015597,0.0,3.3987916908730176,3.159538430866938,1297.955999997626
1.1282872533335626,0.0,0.0,0.0,0.1383332820866931,0.0,3.3992251866972714,3.1593384308669377,1295.5901463086018
1.1280483496314293,0.0,0.0,0.0,0.1394808261969222,0.0,3.399659634966398,3.1591384308669377,1293.2273577205633
1.1278108695451334,0.0,0.0,0.0,0.14062097436658746,0.0,3.4000950381357384,3.158938430866938,1290.867632262016
1.1275747807233478,0.0,0.0,0.0,0.14175390158579682,0.0,3.4005313986684924,3.1587384308669377,1288.5109679598495
1.1273400520161658,0.0,0.0,0.0,0.1428797763552874,0.0,3.4009687190356717,3.1585384308669378,1286.1573628409599
1.1271066534135592,0.0,0.0,0.0,0.1439987610193029,0.0,3.4014070017162132,3.1583384308669378,1283.806814932575
1.1268745559878495,0.0,0.0,0.0,0.1451110120767853,0.0,3.401846249196961,3.158138430866938,1281.4593222611377
1.1266437318398503,0.0,0.0,0.0,0.14621668047267183,0.0,3.4022864639726897,3.157938430866938,1279.1148828528217
1.1264141540484052,0.0,0.0,0.0,0.14731591187082044,0.0,3.402727648546156,3.1577384308669383,1276.773494733146
1.1261857966230702,0.0,0.0,0.0,0.14840884690991768,0.0,3.4031698054281265,3.1575384308669374,1274.4351559283318
1.1259586344596981,0.0,0.0,0.0,0.14949562144368703,0.0,3.4036129371374106,3.1573384308669383,1272.099864463058
1.1257326432987058,0.0,0.0,0.0,0.1505763667665719,0.0,3.4040570462008626,3.1571384308669375,1269.7676183627611
1.125507799685845,0.0,0.0,0.0,0.151651209825873,0.0,3.4045021351534546,3.156938430866938,1267.4384156523408
1.1252840809352749,0.0,0.0,0.0,0.15272027342143413,0.0,3.4049482065382577,3.156738430866938,1265.1122543556905
1.1250614650947897,0.0,0.0,0.0,0.1537836763936642,0.0,3.4053952629065245,3.156538430866938,1262.7891324969366
1.1248399309130401,0.0,0.0,0.0,0.15484153380075852,0.0,3.4058433068177054,3.1563384308669384,1260.4690481005102
1.124619457808619,0.0,0.0,0.0,0.15589395708587,0.0,3.4062923408394497,3.1561384308669376,1258.1519991894006
1.1244000258408742,0.0,0.0,0.0,0.1569410542348906,0.0,3.406742367547648,3.155938430866938,1255.8379837868772
1.124181615682332,0.0,0.0,0.0,0.157982929925542,0.0,3.4071933895265056,3.155738430866938,1253.5269999162708
1.1239642085926416,0.0,0.0,0.0,0.15901968566824692,0.0,3.4076454093685205,3.1555384308669376,1251.2190455999303
1.1237477863939138,0.0,0.0,0.0,0.16005141993943783,0.0,3.408098429674524,3.1553384308669377,1248.9141188602375
1.123532331447377,0.0,0.0,0.0,0.161078228307743,0.0,3.408552453053757,3.155138430866938,1246.6122177193656
1.1233178266312718,0.0,0.0,0.0,0.16210020355349372,0.0,3.4090074821238234,3.154938430866938,1244.3133401982855
1.1231042553198884,0.0,0.0,0.0,0.16311743578200616,0.0,3.4094635195108225,3.154738430866938,1242.0174843194868
1.122891601363693,0.0,0.0,0.0,0.16413001253103185,0.0,3.4099205678492797,3.154538430866938,1239.7246481035388
1.1226798490704581,0.0,0.0,0.0,0.16513801887271667,0.0,3.4103786297822527,3.1543384308669387,1237.434829571546
1.122468983187349,0.0,0.0,0.0,0.1661415375104381,0.0,3.4108377079613184,3.1541384308669387,1235.148026743784
1.1222589888839012,0.0,0.0,0.0,0.1671406488707904,0.0,3.4112978050466336,3.153938430866938,1232.864237640659
1.1220498517358366,0.0,0.0,0.0,0.16813543119105476,0.0,3.4117589237069414,3.1537384308669383,1230.5834602818381
1.1218415577096645,0.0,0.0,0.0,0.16912596060240276,0.0,3.4122210666196486,3.153538430866938,1228.3056926875227
1.121634093148035,0.0,0.0,0.0,0.17011231120906462,0.0,3.4126842364708057,3.153338430866938,1226.0309328763883
1.1214274447557784,0.0,0.0,0.0,0.17109455516374666,0.0,3.4131484359551654,3.153138430866939,1223.759178868133
1.1212215995866144,0.0,0.0,0.0,0.17207276273946445,0.0,3.4136136677762194,3.152938430866939,1221.4904286807046
1.1210165450304732,0.0,0.0,0.0,0.1730470023980343,0.0,3.414079934646232,3.152738430866939,1219.2246803332673
1.12081226880141,0.0,0.0,0.0,0.17401734085538278,0.0,3.4145472392862763,3.152538430866938,1216.9619318435891
1.1206087589260736,0.0,0.0,0.0,0.1749838431438522,0.0,3.415015584426214,3.1523384308669393,1214.7021812294263
1.120406003732683,0.0,0.0,0.0,0.17594657267174196,0.0,3.415484972804823,3.152138430866938,1212.4454265083714
1.1202039918405193,0.0,0.0,0.0,0.17690559128008998,0.0,3.415955407169768,3.1519384308669385,1210.1916656978499
1.1200027121498692,0.0,0.0,0.0,0.17786095929699983,0.0,3.416426890277649,3.1517384308669385,1207.9408968146686
1.1198021538324148,0.0,0.0,0.0,0.1788127355895538,0.0,3.416899424894028,3.1515384308669385,1205.6931178750629
1.1196023063220446,0.0,0.0,0.0,0.1797609776134471,0.0,3.417373013793482,3.1513384308669385,1203.4483268958238
1.1194031593060578,0.0,0.0,0.0,0.18070574146051066,0.0,3.4178476597596275,3.1511384308669386,1201.2065218926377
1.1192047027167449,0.0,0.0,0.0,0.18164708190417586,0.0,3.4183233655851444,3.150938430866939,1198.9677008814476
1.119006926723326,0.0,0.0,0.0,0.1825850524430311,0.0,3.4188001340718257,3.150738430866938,1196.7318618774698
1.1188098217242273,0.0,0.0,0.0,0.18351970534253376,0.0,3.419277968030609,3.150538430866938,1194.4990028954471
1.1186133783396726,0.0,0.0,0.0,0.1844510916750142,0.0,3.4197568702816192,3.150338430866938,1192.269121951137
1.1184175874045896,0.0,0.0,0.0,0.18537926135800434,0.0,3.4202368436541777,3.1501384308669382,1190.0422170580905
1.1182224399617995,0.0,0.0,0.0,0.18630426319101173,0.0,3.420717890986857,3.149938430866939,1187.8182862309013
1.1180279272554785,0.0,0.0,0.0,0.18722614489082345,0.0,3.4212000151275346,3.1497384308669387,1185.5973274831777
1.1178340407248906,0.0,0.0,0.0,0.18814495312536184,0.0,3.4216832189333912,3.1495384308669383,1183.3793388287568
1.1176407719983636,0.0,0.0,0.0,0.1890607335462132,0.0,3.422167505270953,3.1493384308669388,1181.1643182807318
1.1174481128874985,0.0,0.0,0.0,0.1899735308198934,0.0,3.4226528770161577,3.149138430866939,1178.9522638516703
1.117256055381613,0.0,0.0,0.0,0.19088338865785043,0.0,3.423139337054369,3.148938430866939,1176.7431735550713
1.1170645916423958,0.0,0.0,0.0,0.1917903498453445,0.0,3.423626888280405,3.148738430866939,1174.537045402363
1.1168737139987641,0.0,0.0,0.0,0.1926944562691947,0.0,3.424115533598606,3.1485384308669384,1172.3338774061938
1.1166834149419218,0.0,0.0,0.0,0.19359574894447884,0.0,3.4246052759228114,3.148338430866939,1170.1336675778796
1.1164936871205968,0.0,0.0,0.0,0.19449426804023978,0.0,3.4250961181764743,3.148138430866939,1167.9364139290728
1.1163045233336242,0.0,0.0,0.0,0.19539005291781203,0.0,3.425588063244361,3.147938430863866,1165.742114301528
1.1159278598249198,0.0,0.0,0.0,0.19717357336296842,0.0,3.4265752738929347,3.1475384308669385,1161.3623701678657
1.1155533697160074,0.0,0.0,0.0,0.19894660955954271,0.0,3.4275669313817456,3.147138430866939,1156.9944187522317
1.1151810004995728,0.0,0.0,0.0,0.2007094490277997,0.0,3.428563059573263,3.146738430866939,1152.6382443009745
1.1148107017269375,0.0,0.0,0.0,0.20246236824265385,0.0,3.4295636824390963,3.146338430866939,1148.2938308870557
1.1144424248995748,0.0,0.0,0.0,0.20420563322101953,0.0,3.430568824109444,3.145938430866939,1143.9611625775856
1.114076123365401,0.0,0.0,0.0,0.20593950008163997,0.0,3.431578508874323,3.1455384308669387,1139.6402234351158
1.113711752222051,0.0,0.0,0.0,0.20766421556718404,0.0,3.432592761184866,3.1451384308669392,1135.330997517407
1.1133492682265806,0.0,0.0,0.0,0.2093800175316531,0.0,3.433611605654522,3.14473843086694,1131.0334688765618
1.1129886297110743,0.0,0.0,0.0,0.21108713539588717,0.0,3.4346350670603605,3.1443384308669393,1126.7476215601391
1.112629796503701,0.0,0.0,0.0,0.21278579057365962,0.0,3.4356631703442946,3.1439384308669394,1122.4734396105107
1.1122727298547808,0.0,0.0,0.0,0.21447619687071612,0.0,3.4366959406144426,3.1435384308669394,1118.210907065349
1.1119173923674963,0.0,0.0,0.0,0.21615856085874094,0.0,3.4377334031463476,3.1431384308669394,1113.9600079563497
1.111563747932885,0.0,0.0,0.0,0.21783308222621472,0.0,3.4387755833843316,3.1427384308669395,1109.72072631085
1.1112117616687929,0.0,0.0,0.0,0.2194999541078744,0.0,3.4398225069428183,3.1423384308669395,1105.4930461513072
1.1108613998625114,0.0,0.0,0.0,0.2211593633943188,0.0,3.4408741996076504,3.1419384308669396,1101.276951494533
1.1105126299168142,0.0,0.0,0.0,0.2228114910232494,0.0,3.441930687337437,3.1415384308669396,1097.0724263520485
1.11016542029916,0.0,0.0,0.0,0.2244565122536246,0.0,3.442991996264907,3.1411384308669392,1092.8794547311686
1.1098197404938341,0.0,0.0,0.0,0.22609459692396208,0.0,3.444058152698289,3.1407384308669393,1088.698020632886
1.109475560956826,0.0,0.0,0.0,0.22772590969587844,0.0,3.4451291831226794,3.1403384308669398,1084.5281080541047
1.1091328530732503,0.0,0.0,0.0,0.22935061028390627,0.0,3.446205114201439,3.1399384308669394,1080.369700986259
1.1087915891171438,0.0,0.0,0.0,0.23096885367249298,0.0,3.4472859727775784,3.13953843086694,1076.2227834147543
1.108451742213468,0.0,0.0,0.0,0.23258079032109183,0.0,3.4483717858752336,3.13913843086694,1072.0873393215143
1.1081132863021914,0.0,0.0,0.0,0.23418656635807142,0.0,3.449462580701001,3.13873843086694,1067.9633526816692
1.107776196104285,0.0,0.0,0.0,0.23578632376425165,0.0,3.450558384645476,3.13833843086694,1063.8508074656368
1.1074404470895365,0.0,0.0,0.0,0.23738020054668235,0.0,3.451659225284618,3.13793843086694,1059.749687639043
1.1071060154460477,0.0,0.0,0.0,0.23896833090331737,0.0,3.452765130381307,3.13753843086694,1055.6599771620038
1.1067728780513142,0.0,0.0,0.0,0.240550845379168,0.0,3.453876127886765,3.1371384308669397,1051.5816599891655
1.1064410124447919,0.0,0.0,0.0,0.24212787101443822,0.0,3.4549922459420324,3.1367384308669406,1047.514720070651
1.1061103968018509,0.0,0.0,0.0,0.2436995314851877,0.0,3.4561135128795284,3.13633843086694,1043.4591413500978
1.1057810099090373,0.0,0.0,0.0,0.24526594723692827,0.0,3.4572399572245383,3.1359384308669407,1039.4149077664895
1.1054528311405587,0.0,0.0,0.0,0.24682723561163866,0.0,3.4583716076967614,3.1355384308669407,1035.3820032541726
1.1051258404359325,0.0,0.0,0.0,0.24838351096852274,0.0,3.459508493211846,3.1351384308669403,1031.36041174119
1.1048000182787068,0.0,0.0,0.0,0.24993488479896295,0.0,3.460650642882942,3.13473843086694,1027.3501171506628
1.104475345676213,0.0,0.0,0.0,0.25148146583593894,0.0,3.4617980860222946,3.13433843086694,1023.3511034003344
1.1041518041402703,0.0,0.0,0.0,0.2530233601582951,0.0,3.462950852142821,3.1339384308669405,1019.3633544027304
1.1038293756688111,0.0,0.0,0.0,0.2545606712900791,0.0,3.4641089709597104,3.13353843086694,1015.3868540649286
1.1035080427283483,0.0,0.0,0.0,0.25609350029531935,0.0,3.4652724723920505,3.133138430866941,1011.4215862884008
1.1031877882372578,0.0,0.0,0.0,0.2576219458684248,0.0,3.4664413865644295,3.1327384308669406,1007.4675349692518
1.102868595549817,0.0,0.0,0.0,0.2591461044204993,0.0,3.4676157438086266,3.13233843086694,1003.5246839991378
1.1025504484409738,0.0,0.0,0.0,0.26066607016175797,0.0,3.468795574665227,3.1319384308669402,999.5930172624941
1.1022333310917851,0.0,0.0,0.0,0.2621819351802992,0.0,3.469980909885337,3.1315384308669407,995.6725186401873
1.1019172280755078,0.0,0.0,0.0,0.2636937895173954,0.0,3.4711717804322118,3.1311384308669408,991.7631720063489
1.101602124344294,0.0,0.0,0.0,0.26520172123951113,0.0,3.4723682174830275,3.130738430866941,987.8649612301464
1.1012880052164702,0.0,0.0,0.0,0.2667058165071982,0.0,3.47357025243056,3.1303384308669404,983.9778701750853
1.1009748563643535,0.0,0.0,0.0,0.26820615964108263,0.0,3.4747779168849346,3.1299384308669413,980.1018826993794
1.1006626638025965,0.0,0.0,0.0,0.26970283318502203,0.0,3.475991242675362,3.129538430866941,976.2369826559119
1.1003514138770234,0.0,0.0,0.0,0.2711959179666286,0.0,3.4772102618518987,3.1291384308669414,972.3831538914046
1.1000410932539186,0.0,0.0,0.0,0.2726854931553211,0.0,3.478435006687283,3.1287384308669406,968.5403802477566
1.0997316889097855,0.0,0.0,0.0,0.27417163631791014,0.0,3.4796655096786258,3.128338430866941,964.7086455608727
1.0994231881214964,0.0,0.0,0.0,0.2756544234720221,0.0,3.4809018035493433,3.1279384308669407,960.8879336611159
1.0991155784568671,0.0,0.0,0.0,0.27713392913728124,0.0,3.4821439212508762,3.127538430866941,957.0782283733395
1.0988088477655933,0.0,0.0,0.0,0.27861022638451965,0.0,3.4833918959646324,3.127138430866942,953.2795135170186
1.098502984170564,0.0,0.0,0.0,0.28008338688299245,0.0,3.4846457611037636,3.1267384308669413,949.4917729054371
1.0981979760595106,0.0,0.0,0.0,0.2815534809457627,0.0,3.485905550315102,3.1263384308669413,945.7149903470632
1.0978938120769852,0.0,0.0,0.0,0.2830205775733346,0.0,3.4871712974810207,3.1259384308669413,941.9491496440103
1.0975904811166508,0.0,0.0,0.0,0.2844847444956036,0.0,3.4884430367213763,3.125538430866942,938.1942345930555
1.0972879723138749,0.0,0.0,0.0,0.2859460482121924,0.0,3.4897208023953996,3.125138430866941,934.4502289853895
1.0969862750386008,0.0,0.0,0.0,0.28740455403128246,0.0,3.491004629103655,3.1247384308669415,930.7171166058523
1.0966853788884852,0.0,0.0,0.0,0.2888603261070131,0.0,3.49229455169004,3.124338430866941,926.9948812347908
1.096385273682313,0.0,0.0,0.0,0.290313427475428,0.0,3.4935906052436954,3.1239384308669416,923.2835066456686
1.0960859494536321,0.0,0.0,0.0,0.29176392008919405,0.0,3.4948928251010636,3.1235384308669416,919.5829766066427
1.0957873964446436,0.0,0.0,0.0,0.29321186485098505,0.0,3.4962012468478907,3.1231384308669417,915.893274880449
1.0954896051003127,0.0,0.0,0.0,0.2946573216456852,0.0,3.497515906321222,3.122738430866941,912.2143852232131
1.095192566062686,0.0,0.0,0.0,0.2961003493714533,0.0,3.4988368396115157,3.122338430866942,908.5462913863648
1.0948962701654255,0.0,0.0,0.0,0.2975410059696766,0.0,3.500164083064646,3.121938430866942,904.8889771141862
1.0946007084285276,0.0,0.0,0.0,0.2989793484538791,0.0,3.5014976732840717,3.121538430866942,901.2424261468454
1.0943058720532433,0.0,0.0,0.0,0.30041543293761097,0.0,3.502837647132868,3.1211384308669414,897.6066222167514
1.0940117524171669,0.0,0.0,0.0,0.3018493146613911,0.0,3.5041840417358716,3.120738430866942,893.981549051806
1.0937183410695,0.0,0.0,0.0,0.30328104801873146,0.0,3.505536894481869,3.120338430866942,890.3671903735162
1.093425629726481,0.0,0.0,0.0,0.30471068658127576,0.0,3.506896243025712,3.119938430866942,886.7635298977887
1.0931336102669782,0.0,0.0,0.0,0.30613828312307756,0.0,3.5082621252905066,3.119538430866942,883.1705513341191
1.0928422747282214,0.0,0.0,0.0,0.3075638896441066,0.0,3.5096345794698633,3.1191384308669425,879.5882383866076
1.0925516153016905,0.0,0.0,0.0,0.3089875573929502,0.0,3.511013644030037,3.1187384308669417,876.0165747527658
1.0922616243291356,0.0,0.0,0.0,0.3104093368887899,0.0,3.5123993577122645,3.1183384308669417,872.4555441247835
1.0919722942987382,0.0,0.0,0.0,0.3118292779426522,0.0,3.513791759534919,3.1179384308669422,868.9051301885474
1.0916836178413887,0.0,0.0,0.0,0.313247429678002,0.0,3.5151908887959165,3.117538430866942,865.3653166239585
1.091395587727099,0.0,0.0,0.0,0.31466384055065294,0.0,3.5165967850749085,3.1171384308669423,861.8360871052398
1.0911081968615302,0.0,0.0,0.0,0.316078558368058,0.0,3.518009488235659,3.116738430866942,858.3174252994252
1.0908214382826225,0.0,0.0,0.0,0.31749163030802413,0.0,3.5194290384283993,3.116338430866943,854.8093148687954
1.0905353051573496,0.0,0.0,0.0,0.3189031029368119,0.0,3.5208554760921635,3.1159384308669424,851.3117394691011
1.0902497907785722,0.0,0.0,0.0,0.32031302222668473,0.0,3.5222888419571716,3.115538430866942,847.8246827495783
1.0899648885619844,0.0,0.0,0.0,0.3217214335729565,0.0,3.5237291770472723,3.1151384308669416,844.3481283540029
1.0896805920431698,0.0,0.0,0.0,0.3231283818104826,0.0,3.5251765226823384,3.1147384308669426,840.8820599194103
1.0893968948747381,0.0,0.0,0.0,0.32453391122969866,0.0,3.5266309204807382,3.1143384308669426,837.4264610772655
1.0891137908235629,0.0,0.0,0.0,0.3259380655921464,0.0,3.5280924123617847,3.113938430866943,833.9813154521333
1.0888312737680952,0.0,0.0,0.0,0.3273408881455775,0.0,3.5295610405482636,3.1135384308669427,830.5466066630411
1.0885493376957678,0.0,0.0,0.0,0.3287424216385938,0.0,3.5310368475689202,3.1131384308669428,827.122318322223
1.088267976700471,0.0,0.0,0.0,0.3301427083348966,0.0,3.532519876261023,3.112738430866943,823.7084340362928
1.0879871849801186,0.0,0.0,0.0,0.3315417900270822,0.0,3.5340101697728734,3.1123384308669424,820.3049374048271
1.0877069568342714,0.0,0.0,0.0,0.3329397080500989,0.0,3.5355077715664818,3.111938430866943,816.9118120221256
1.0874272866618475,0.0,0.0,0.0,0.33433650329428966,0.0,3.537012725420069,3.111538430866943,813.5290414749438
1.0871481689588847,0.0,0.0,0.0,0.33573221621811083,0.0,3.538525075430802,3.1111384308669425,810.1566093449383
1.0868695983163907,0.0,0.0,0.0,0.3371268868604459,0.0,3.5400448660173613,3.110738430866943,806.7944992064276
1.0865915694182353,0.0,0.0,0.0,0.3385205548526478,0.0,3.541572141922662,3.110338430866943,803.4426946280629
1.0863140770391209,0.0,0.0,0.0,0.3399132594302068,0.0,3.5431069482165425,3.109938430866943,800.1011791714772
1.0860371160426,0.0,0.0,0.0,0.34130503944414436,0.0,3.5446493302985074,3.109538430866943,796.7699363926099
1.0857606813791614,0.0,0.0,0.0,0.3426959333720746,0.0,3.5461993339004545,3.1091384308669436,793.4489498403352
1.0854847680843638,0.0,0.0,0.0,0.34408597932899676,0.0,3.5477570050894576,3.1087384308669432,790.1382030573725
1.0852093712770257,0.0,0.0,0.0,0.34547521507780576,0.0,3.5493223902705697,3.108338430866943,786.837679579721
1.0849344861574668,0.0,0.0,0.0,0.3468636780395254,0.0,3.5508955361896386,3.1079384308669433,783.5473629375492
1.0846601080058007,0.0,0.0,0.0,0.34825140530329257,0.0,3.552476489936166,3.107538430866943,780.2672366534828
1.084386232180271,0.0,0.0,0.0,0.34963843363608405,0.0,3.5540652989461785,3.107138430866943,776.99728424449
1.084112854115644,0.0,0.0,0.0,0.35102479949219284,0.0,3.5556620110051105,3.1067384308669435,773.7374892205066
1.083839969321633,0.0,0.0,0.0,0.35241053902250086,0.0,3.557266674250752,3.1063384308669435,770.4878350847938
1.0835675733813754,0.0,0.0,0.0,0.35379568808349654,0.0,3.5588793371761986,3.1059384308669435,767.2483053345395
1.0832956619499539,0.0,0.0,0.0,0.35518028224608,0.0,3.5605000486328113,3.105538430866943,764.0188834598807
1.0830242307529492,0.0,0.0,0.0,0.35656435680417164,0.0,3.562128857833202,3.1051384308669436,760.7995529442237
1.0827532755850373,0.0,0.0,0.0,0.3579479467831191,0.0,3.5637658143543454,3.1047384308669437,757.590297264537
1.0824827923086269,0.0,0.0,0.0,0.35933108694788973,0.0,3.5654109681405526,3.1043384308669437,754.3910998911608
1.0822127768525343,0.0,0.0,0.0,0.36071381181107715,0.0,3.567064369506544,3.1039384308669438,751.201944287207
1.0819432252106824,0.0,0.0,0.0,0.3620961556407637,0.0,3.568726069140659,3.1035384308669434,748.0228139096575
1.0816741334408502,0.0,0.0,0.0,0.3634781524681524,0.0,3.570396118107925,3.1031384308669443,744.8536922085525
1.081405497663451,0.0,0.0,0.0,0.36485983609505135,0.0,3.5720745678531713,3.102738430866944,741.6945626266469
1.0811373140603324,0.0,0.0,0.0,0.3662412401012146,0.0,3.573761470204362,3.102338430866944,738.5454086005751
1.0808695788736253,0.0,0.0,0.0,0.36762239785148476,0.0,3.57545687737566,3.101938430866944,735.4062135595793
1.0806022884046032,0.0,0.0,0.0,0.3690033425028335,0.0,3.5771608419708416,3.1015384308669445,732.2769609265613
1.0803354390125954,0.0,0.0,0.0,0.37038410701118035,0.0,3.578873416986413,3.1011384308669445,729.1576341170629
1.0800690271139057,0.0,0.0,0.0,0.3717647241381463,0.0,3.580594655815023,3.100738430866944,726.0482165399073
1.0798030491807706,0.0,0.0,0.0,0.37314522645761977,0.0,3.5823246122487684,3.100338430866944,722.9486915971125
1.0795375017403455,0.0,0.0,0.0,0.37452564636220337,0.0,3.5840633404825497,3.0999384308669433,719.8590426834165
1.0792723813737095,0.0,0.0,0.0,0.3759060160695319,0.0,3.5858108951174974,3.099538430866944,716.779253187073
1.0790076847149044,0.0,0.0,0.0,0.37728636762846196,0.0,3.587567331164333,3.0991384308669434,713.7093064886882
1.078743408449989,0.0,0.0,0.0,0.3786667329251487,0.0,3.5893327040468903,3.0987384308669443,710.6491859621951
1.0784795493161268,0.0,0.0,0.0,0.38004714368898845,0.0,3.5911070696055685,3.0983384308669444,707.5988749747592
1.0782161041006857,0.0,0.0,0.0,0.381427631498481,0.0,3.5928904841008538,3.0979384308669435,704.5583568857749
1.077953069640375,0.0,0.0,0.0,0.38280822778692625,0.0,3.594683004216848,3.097538430866945,701.5276150482497
1.0776904428203866,0.0,0.0,0.0,0.3841889638480912,0.0,3.5964846870648683,3.0971384308669445,698.5066328075425
1.0774282205735732,0.0,0.0,0.0,0.38556987084170136,0.0,3.5982955901870257,3.096738430866945,695.4953935021368
1.0771663998796375,0.0,0.0,0.0,0.38695097979888204,0.0,3.6001157715598904,3.0963384308669446,692.4938804630192
1.0769049777643425,0.0,0.0,0.0,0.3883323216274874,0.0,3.6019452895981474,3.095938430866945,689.5020770144972
1.0766439512987453,0.0,0.0,0.0,0.3897139271173362,0.0,3.6037842031582996,3.095538430866945,686.5199664732713
1.0763833175984467,0.0,0.0,0.0,0.3910958269453601,0.0,3.605632571542398,3.0951384308669443,683.5475321487575
1.07612307382286,0.0,0.0,0.0,0.3924780516806619,0.0,3.607490454501793,3.0947384308669443,680.5847573435824
1.0758632171744957,0.0,0.0,0.0,0.39386063178950453,0.0,3.6093579122409594,3.0943384308669453,677.631625352422
1.0756037448982654,0.0,0.0,0.0,0.39524359764021055,0.0,3.6112350054213285,3.0939384308669453,674.6881194630437
1.0753446542808067,0.0,0.0,0.0,0.3966269795079595,0.0,3.613121795165075,3.0935384308669445,671.7542229555893
1.0750859426498105,0.0,0.0,0.0,0.3980108075795752,0.0,3.6150183430591403,3.093138430866944,668.829919103393
1.0748276073733831,0.0,0.0,0.0,0.39939511195816146,0.0,3.6169247111590463,3.092738430866945,665.9151911717809
1.0745696458594112,0.0,0.0,0.0,0.4007799226677226,0.0,3.61884096199292,3.092338430866945,663.0100224189616
1.0743120555549428,0.0,0.0,0.0,0.40216526965769983,0.0,3.620767158565454,3.0919384308669455,660.1143960956293
1.07405483394559,0.0,0.0,0.0,0.4035511828074296,0.0,3.622703364361953,3.0915384308669456,657.2282954448788
1.0737979785549339,0.0,0.0,0.0,0.4049376919305764,0.0,3.6246496433524293,3.091138430866945,654.3517037027475
1.0735414869439597,0.0,0.0,0.0,0.40632482677944276,0.0,3.6266060599956136,3.090738430866946,651.4846040973437
1.0732853567104896,0.0,0.0,0.0,0.4077126170492891,0.0,3.628572679243189,3.0903384308669453,648.6269798492959
1.0730295854886396,0.0,0.0,0.0,0.40910109238254005,0.0,3.6305495665438694,3.0899384308669458,645.7788141719194
1.0727741709482834,0.0,0.0,0.0,0.4104902823729747,0.0,3.6325367878476564,3.089538430866945,642.9400902706834
1.0725191107945304,0.0,0.0,0.0,0.4118802165698456,0.0,3.6345344096100596,3.089138430866945,640.1107913435931
1.072264402767218,0.0,0.0,0.0,0.41327092448194697,0.0,3.6365424987963717,3.088738430866946,637.2909005810283
1.0720100446404102,0.0,0.0,0.0,0.41466243558164806,0.0,3.63856112288596,3.0883384308669464,634.4804011656208
1.0717560342219161,0.0,0.0,0.0,0.4160547793088555,0.0,3.640590349876651,3.087938430866945,631.6792762722839
1.0715023693528118,0.0,0.0,0.0,0.4174479850749472,0.0,3.642630248289053,3.087538430866945,628.8875090687145
1.071249047906979,0.0,0.0,0.0,0.41884208226665987,0.0,3.6446808871709995,3.0871384308669465,626.1050827140886
1.0709960677906467,0.0,0.0,0.0,0.4202371002499441,0.0,3.6467423361020317,3.086738430866945,623.3319803606175
1.070743426941958,0.0,0.0,0.0,0.42163306837373354,0.0,3.648814665197816,3.0863384308669466,620.5681851520593
1.0704911233305272,0.0,0.0,0.0,0.42303001597375206,0.0,3.6508979451147394,3.0859384308669457,617.8136802249053
1.0702391549570214,0.0,0.0,0.0,0.4244279723762172,0.0,3.6529922470544456,3.0855384308669453,615.0684487077976
1.069987519852751,0.0,0.0,0.0,0.425826966901523,0.0,3.6550976427684088,3.0851384308669463,612.3324737214227
1.0697362160792625,0.0,0.0,0.0,0.42722702886791347,0.0,3.6572142045626013,3.0847384308669454,609.605738378325
1.0694852417279452,0.0,0.0,0.0,0.4286281875950901,0.0,3.659342005302154,3.0843384308669464,606.8882257836042
1.069234594919642,0.0,0.0,0.0,0.43003047240783165,0.0,3.661481118416112,3.0839384308669455,604.1799190345525
1.0689842738042827,0.0,0.0,0.0,0.43143391263950864,0.0,3.6636316179020874,3.083538430866946,601.480801220186
1.0687342765605088,0.0,0.0,0.0,0.43283853763564656,0.0,3.665793578331127,3.0831384308669456,598.7908554216106
1.0684846013953144,0.0,0.0,0.0,0.4342443767574254,0.0,3.667967074852518,3.082738430866946,596.1100647122714
1.0682352465436946,0.0,0.0,0.0,0.43565145938516375,0.0,3.670152183198685,3.0823384308669466,593.4384121576026
1.0679862102683098,0.0,0.0,0.0,0.43705981492173285,0.0,3.672348979689986,3.0819384308669466,590.7758808147512
1.0677374908591397,0.0,0.0,0.0,0.43846947279602994,0.0,3.6745575412397797,3.0815384308669462,588.1224537331241
1.0674890866331628,0.0,0.0,0.0,0.4398804624663544,0.0,3.6767779453593286,3.0811384308669463,585.4781139540768
1.0672409959340317,0.0,0.0,0.0,0.44129281342380383,0.0,3.6790102701628573,3.0807384308669454,582.8428445107734
1.0669932171317638,0.0,0.0,0.0,0.44270655519561986,0.0,3.6812545943725747,3.080338430866947,580.2166284286966
1.0667457486224334,0.0,0.0,0.0,0.4441217173485461,0.0,3.6835109973238014,3.0799384308669464,577.5994487246703
1.0664985888278713,0.0,0.0,0.0,0.4455383294921455,0.0,3.6857795589701086,3.079538430866946,574.9912884079911
1.0662517361953763,0.0,0.0,0.0,0.4469564212820995,0.0,3.6880603598884503,3.079138430866946,572.3921304795047
1.0660051891974274,0.0,0.0,0.0,0.4483760224235002,0.0,3.690353481284445,3.0787384308669465,569.8019579320592
1.0657589463314037,0.0,0.0,0.0,0.44979716267413516,0.0,3.692659004997585,3.0783384308669466,567.2207537505876
1.0655130061193148,0.0,0.0,0.0,0.4512198718477278,0.0,3.6949770135065303,3.077938430866946,564.6485009113451
1.0652673671075348,0.0,0.0,0.0,0.45264417981718275,0.0,3.697307589934451,3.077538430866947,562.0851823829066
1.0650220278665348,0.0,0.0,0.0,0.4540701165178505,0.0,3.6996508180544607,3.077138430866947,559.53078112544
1.0647769869906387,0.0,0.0,0.0,0.4554977119507044,0.0,3.702006782294911,3.0767384308669468,556.9852800910754
1.0645322430977675,0.0,0.0,0.0,0.4569269961855786,0.0,3.7043755677449735,3.0763384308669472,554.4486622236805
1.0642877948292009,0.0,0.0,0.0,0.4583579993643537,0.0,3.706757260160022,3.0759384308669473,551.9209104588368
1.0640436408493357,0.0,0.0,0.0,0.45979075170416683,0.0,3.709151945967274,3.075538430866946,549.4020077240234
1.0637997798454575,0.0,0.0,0.0,0.4612252835005731,0.0,3.7115597122712893,3.0751384308669465,546.891936938617
1.0635562105275156,0.0,0.0,0.0,0.462661625130726,0.0,3.7139806468596044,3.074738430866947,544.3906810134588
1.0633129316278942,0.0,0.0,0.0,0.4640998070565738,0.0,3.7164148382084323,3.0743384308669466,541.8982228514255
1.063069941901207,0.0,0.0,0.0,0.4655398598279757,0.0,3.718862375488297,3.0739384308669475,539.4145453471469
1.0628272401240815,0.0,0.0,0.0,0.4669818140858913,0.0,3.7213233485697743,3.0735384308669467,536.9396313866368
1.062584825094948,0.0,0.0,0.0,0.4684257005655427,0.0,3.7237978480293497,3.073138430866947,534.4734638481698
1.0623426956338469,0.0,0.0,0.0,0.469871550099541,0.0,3.72628596515513,3.072738430866947,532.0160256015711
1.0621008505822271,0.0,0.0,0.0,0.4713193936210536,0.0,3.728787791952783,3.0723384308669472,529.5672995082654
1.0618592888027552,0.0,0.0,0.0,0.4727692621669483,0.0,3.7313034211513902,3.0719384308669473,527.127268421681
1.0616180091791283,0.0,0.0,0.0,0.4742211868809399,0.0,3.733832946209403,3.0715384308669473,524.6959151868143
1.0613770106158948,0.0,0.0,0.0,0.47567519901672006,0.0,3.7363764613205968,3.071138430866947,522.2732226403853
1.0611362920382665,0.0,0.0,0.0,0.47713132994114454,0.0,3.7389340614201556,3.0707384308669483,519.8591736111905
1.0608958523919598,0.0,0.0,0.0,0.4785896111373241,0.0,3.741505842190599,3.0703384308669475,517.4537509192639
1.0606556906430071,0.0,0.0,0.0,0.4800500742078412,0.0,3.7440919000680535,3.0699384308669475,515.056937376919
1.0604158057776056,0.0,0.0,0.0,0.4815127508778534,0.0,3.7466923322482844,3.069538430866948,512.6687157879976
1.06017619680195,0.0,0.0,0.0,0.4829776729982668,0.0,3.7493072366928524,3.069138430866948,510.2890689481635
1.0599368627420767,0.0,0.0,0.0,0.48444487254889285,0.0,3.751936712135383,3.0687384308669476,507.9179796447254
1.0596978026437058,0.0,0.0,0.0,0.4859143816416247,0.0,3.7545808580878215,3.068338430866948,505.5554306570996
1.0594590155720962,0.0,0.0,0.0,0.48738623252359836,0.0,3.7572397748467075,3.0679384308669477,503.20140475623305
1.0592205006118973,0.0,0.0,0.0,0.48886045758036456,0.0,3.7599135634995,3.0675384308669478,500.85588470503706
1.0589822568670029,0.0,0.0,0.0,0.4903370893390999,0.0,3.7626023259309958,3.0671384308669483,498.51885325843404
1.0587442834604193,0.0,0.0,0.0,0.4918161604717627,0.0,3.7653061648296817,3.0667384308669474,496.19029316291574
1.058506579534125,0.0,0.0,0.0,0.4932977037983115,0.0,3.7680251836941987,3.0663384308669475,493.8701871569243
1.0582691442489387,0.0,0.0,0.0,0.4947817522899223,0.0,3.7707594868398857,3.065938430866948,491.5585179711445
1.0580319767843946,0.0,0.0,0.0,0.49626833907218226,0.0,3.773509179405188,3.0655384308669476,489.2552683276584
1.0577950763386121,0.0,0.0,0.0,0.4977574974283445,0.0,3.7762743673583574,3.0651384308669476,486.9604209409855
1.0575584421281798,0.0,0.0,0.0,0.4992492608025396,0.0,3.7790551575039064,3.064738430866948,484.67395851732385
1.0573220733880295,0.0,0.0,0.0,0.5007436628030629,0.0,3.7818516574893795,3.064338430866948,482.39586375522066
1.0570859693713308,0.0,0.0,0.0,0.502240737205587,0.0,3.7846639758118847,3.0639384308669477,480.1261193448722
1.0568501293493715,0.0,0.0,0.0,0.5037405179564735,0.0,3.7874922218248996,3.0635384308669487,477.86470796878757
1.0566145526114474,0.0,0.0,0.0,0.5052430391760664,0.0,3.7903365057450045,3.063138430866948,475.61161230165544
1.0563792384647634,0.0,0.0,0.0,0.5067483351619572,0.0,3.793196938658592,3.0627384308669487,473.3668150103324
1.0561441862343242,0.0,0.0,0.0,0.5082564403923374,0.0,3.796073632528742,3.062338430866948,471.1302987536677
1.0559093952628402,0.0,0.0,0.0,0.5097673895292902,0.0,3.798966700201971,3.0619384308669493,468.90204618293853
1.0556748649106222,0.0,0.0,0.0,0.5112812174221915,0.0,3.8018762554152437,3.0615384308669484,466.6820399416956
1.055440594555493,0.0,0.0,0.0,0.5127979591110287,0.0,3.804802412802785,3.0611384308669485,464.4702626659563
1.0552065835926974,0.0,0.0,0.0,0.5143176498297829,0.0,3.807745287902984,3.0607384308669485,462.26669698387764
1.0549728314348046,0.0,0.0,0.0,0.5158403250098652,0.0,3.8107049971655065,3.060338430866949,460.07132551636596
1.0547393375116323,0.0,0.0,0.0,0.5173660202834867,0.0,3.8136816579581376,3.059938430866948,457.8841308766442
1.0545061012701589,0.0,0.0,0.0,0.5188947714871055,0.0,3.8166753885738833,3.0595384308669487,455.70509567066574
1.0542731221744415,0.0,0.0,0.0,0.5204266146648967,0.0,3.819686308238031,3.059138430866948,453.53420249685144
1.0540403997055385,0.0,0.0,0.0,0.5219615860722111,0.0,3.8227145371152442,3.0587384308669487,451.37143394649775
1.0538079333614363,0.0,0.0,0.0,0.5234997221790659,0.0,3.8257601963166246,3.0583384308669483,449.21677260374497
1.0535757226569753,0.0,0.0,0.0,0.5250410596736566,0.0,3.8288234079068535,3.057938430866948,447.0702010453018
1.0533437671237753,0.0,0.0,0.0,0.5265856354659141,0.0,3.831904294911455,3.057538430866949,444.93170184123653
1.0531120663101738,0.0,0.0,0.0,0.5281334866910334,0.0,3.835002981323843,3.0571384308669485,442.8012575542424
1.0528806197811542,0.0,0.0,0.0,0.52968465071308,0.0,3.8381195921126463,3.0567384308669494,440.67885074052555
1.0526494271182862,0.0,0.0,0.0,0.5312391651285776,0.0,3.8412542532288834,3.0563384308669495,438.56446394915247
1.0524184879196692,0.0,0.0,0.0,0.532797067770108,0.0,3.844407091613141,3.0559384308669495,436.4580797225584
1.0521878017998556,0.0,0.0,0.0,0.5343583967100601,0.0,3.8475782352031143,3.0555384308669487,434.35968059685024
1.0519573683898187,0.0,0.0,0.0,0.5359231902641751,0.0,3.8507678129405574,3.055138430866949,432.26924910141514
1.0517271873368836,0.0,0.0,0.0,0.5374914869953327,0.0,3.853975954778781,3.0547384308669496,430.1867677590966
1.0514972583046738,0.0,0.0,0.0,0.5390633257172818,0.0,3.8572027916900407,3.0543384308669492,428.1122190869184
1.0512675809730707,0.0,0.0,0.0,0.5406387454983441,0.0,3.8604484556726884,3.053938430866949,426.0455855952265
1.051038155038157,0.0,0.0,0.0,0.5422177856652487,0.0,3.863713079758704,3.053538430866949,423.9868497888049
1.0508089802121765,0.0,0.0,0.0,0.5438004858069078,0.0,3.866996798020966,3.05313843086695,421.9359941663241
1.0505800562234942,0.0,0.0,0.0,0.5453868857782436,0.0,3.8702997455805535,3.05273843086695,419.89300122046296
1.0503513828165398,0.0,0.0,0.0,0.5469770257041264,0.0,3.873622058614391,3.05233843086695,417.857853438646
1.0501229597517847,0.0,0.0,0.0,0.5485709459831891,0.0,3.8769638743623833,3.0519384308669504,415.830533302634
1.0498947868057,0.0,0.0,0.0,0.5501686872917775,0.0,3.8803253311348502,3.051538430866949,413.81102328870406
1.0496668637707123,0.0,0.0,0.0,0.5517702905879525,0.0,3.883706568320127,3.05113843086695,411.79930586825753
1.0494391904551836,0.0,0.0,0.0,0.55337579711541,0.0,3.8871077263916884,3.0507384308669505,409.7953635073893
1.0492117666833698,0.0,0.0,0.0,0.5549852484075561,0.0,3.8905289469157838,3.0503384308669506,407.79917866749406
1.0489845922953973,0.0,0.0,0.0,0.55659868629152,0.0,3.893970372558676,3.0499384308669497,405.81073380508997
1.0487576671472265,0.0,0.0,0.0,0.5582161528922907,0.0,3.8974321470942197,3.04953843086695,403.83001137252484
1.048530991110644,0.0,0.0,0.0,0.5598376906367377,0.0,3.900914415410919,3.049138430866951,401.85699381734696
1.048304564073213,0.0,0.0,0.0,0.5614633422579056,0.0,3.90441732351979,3.04873843086695,399.89166358337917
1.048078385938275,0.0,0.0,0.0,0.5630931507990621,0.0,3.9079410185612775,3.0483384308669503,397.9340031103144
1.0478524566249119,0.0,0.0,0.0,0.5647271596180269,0.0,3.911485648812941,3.0479384308669504,395.98399483425874
1.0476267760679416,0.0,0.0,0.0,0.566365412391346,0.0,3.9150513636965596,3.0475384308669495,394.04162118750037
1.0474013442178858,0.0,0.0,0.0,0.5680079531186694,0.0,3.9186383137856713,3.0471384308669505,392.10686459941303
1.0471761610409727,0.0,0.0,0.0,0.569654826126988,0.0,3.9222466508126512,3.04673843086695,390.17970749601864
1.0469512265191039,0.0,0.0,0.0,0.5713060760751059,0.0,3.925876527676245,3.0463384308669506,388.26013230072476
1.0467265406498611,0.0,0.0,0.0,0.5729617479579502,0.0,3.929528098448573,3.0459384308669497,386.3481214341416
1.046502103446481,0.0,0.0,0.0,0.5746218871110947,0.0,3.9332015183825875,3.04553843086695,384.44365731485783
1.046277914937863,0.0,0.0,0.0,0.5762865392151546,0.0,3.9368969439189763,3.045138430866951,382.5467223589273
1.0460539751685383,0.0,0.0,0.0,0.5779557503004508,0.0,3.9406145326937803,3.04473843086695,380.6572989811425
1.0458302841986933,0.0,0.0,0.0,0.5796295667514018,0.0,3.944354443544953,3.04433843086695,378.77536959440783
1.0456068421041442,0.0,0.0,0.0,0.5813080353112619,0.0,3.948116836519879,3.043938430866951,376.90091661054504
1.0453836489763448,0.0,0.0,0.0,0.5829912030867108,0.0,3.951901872882225,3.04353843086695,375.03392244041055
1.0451607049223848,0.0,0.0,0.0,0.5846791175525394,0.0,3.9557097151189176,3.043138430866949,373.1743694942977
1.0449380100649863,0.0,0.0,0.0,0.5863718265564135,0.0,3.9595405269471664,3.0427384308669505,371.32224018219006
1.0447155645425183,0.0,0.0,0.0,0.5880693783235792,0.0,3.9633944733211646,3.04233843086695,369.47751691395536
1.0444933685089846,0.0,0.0,0.0,0.5897718214617683,0.0,3.967271720439157,3.0419384308669515,367.6401821000693
1.0442714221340403,0.0,0.0,0.0,0.5914792049660016,0.0,3.971172435750005,3.0415384308669497,365.81021815159045
1.0440497256029984,0.0,0.0,0.0,0.5931915782234886,0.0,3.9750967879599024,3.0411384308669507,363.98760748070913
1.0438282791168347,0.0,0.0,0.0,0.5949089910186067,0.0,3.9790449470390117,3.0407384308669507,362.1723325009989
1.0436070828921955,0.0,0.0,0.0,0.5966314935379109,0.0,3.9830170842281096,3.040338430866951,360.36437562799233
1.0433861371614208,0.0,0.0,0.0,0.5983591363750996,0.0,3.9870133720447414,3.0399384308669504,358.56371927930047
1.043165442172543,0.0,0.0,0.0,0.6000919705361907,0.0,3.9910339842899036,3.0395384308669513,356.77034587540936
1.0429449981893064,0.0,0.0,0.0,0.6018300474446315,0.0,3.995079096054239,3.039138430866951,354.98423783967763
1.0427248054911902,0.0,0.0,0.0,0.6035734189464294,0.0,3.99914888372402,3.0387384308669514,353.20537759906864
1.0425048643734147,0.0,0.0,0.0,0.605322137315457,0.0,4.003243524987515,3.0383384308669505,351.4337475843922
1.0422851751469606,0.0,0.0,0.0,0.6070762552587227,0.0,4.007363198840828,3.0379384308669515,349.6693302311286
1.0420657381386,0.0,0.0,0.0,0.6088358259216337,0.0,4.011508085593662,3.037538430866952,347.9121079793653
1.0418465536909047,0.0,0.0,0.0,0.6106009028934561,0.0,4.015678366875285,3.037138430866952,346.16206327467125
1.0416276221622742,0.0,0.0,0.0,0.612371540212706,0.0,4.019874225639961,3.036738430866952,344.41917856857356
1.0414089439269576,0.0,0.0,0.0,0.6141477923726477,0.0,4.024095846172562,3.036338430866951,342.6834363189496
1.041190519375079,0.0,0.0,0.0,0.6159297143268199,0.0,4.0283434140938885,3.035938430866951,340.95481899063316
1.0409723489126688,0.0,0.0,0.0,0.6177173614945864,0.0,4.032617116365766,3.035538430866951,339.2333090559491
1.0407544329616785,0.0,0.0,0.0,0.6195107897668599,0.0,4.036917141296429,3.035138430866952,337.5188889953489
1.040536771960025,0.0,0.0,0.0,0.621310055511688,0.0,4.041243678545003,3.0347384308669514,335.81154129777747
1.0403193663616062,0.0,0.0,0.0,0.6231152155800872,0.0,4.0455969191266785,3.034338430866952,334.11124846157395
1.040102216636347,0.0,0.0,0.0,0.6249263273117481,0.0,4.049977055416868,3.033938430866951,332.41799299485
1.0398853232702125,0.0,0.0,0.0,0.6267434485410062,0.0,4.054384281156099,3.033538430866952,330.7317574162797
1.0396686867652587,0.0,0.0,0.0,0.6285666376026432,0.0,4.058818791453836,3.033138430866952,329.05252425568875
1.039452307639662,0.0,0.0,0.0,0.6303959533378704,0.0,4.063280782792593,3.032738430866952,327.38027605468847
1.0392361864277477,0.0,0.0,0.0,0.6322314551004077,0.0,4.06777045303198,3.032338430866952,325.7149953674516
1.0390203236800386,0.0,0.0,0.0,0.6340732027624683,0.0,4.0722880014120335,3.031938430866951,324.05666476135633
1.038804719963284,0.0,0.0,0.0,0.6359212567209527,0.0,4.076833628556811,3.031538430866952,322.40526681776015
1.0385893758605043,0.0,0.0,0.0,0.6377756779036015,0.0,4.081407536477506,3.031138430866951,320.760784132711
1.0383742919710242,0.0,0.0,0.0,0.6396365277752815,0.0,4.086009928575478,3.0307384308669523,319.12319931776676
1.038159468910527,0.0,0.0,0.0,0.6415038683442031,0.0,4.090641009644745,3.0303384308669523,317.4924950007378
1.0379449073110834,0.0,0.0,0.0,0.6433777621683687,0.0,4.095300985874696,3.029938430866952,315.86865382656424
1.0377306078212039,0.0,0.0,0.0,0.6452582723619318,0.0,4.099990064852065,3.029538430866953,314.25165845801786
1.0375165711058696,0.0,0.0,0.0,0.647145462601771,0.0,4.1047084555632285,3.0291384308669524,312.641491576935
1.0373027978466052,0.0,0.0,0.0,0.649039397133823,0.0,4.109456368395106,3.028738430866953,311.03813588442097
1.0370892887414962,0.0,0.0,0.0,0.6509401407798949,0.0,4.114234015137319,3.0283384308669516,309.441574102435
1.0368760445052492,0.0,0.0,0.0,0.6528477589442208,0.0,4.119041608982793,3.0279384308669517,307.85178897446326
1.036663065869245,0.0,0.0,0.0,0.6547623176201438,0.0,4.123879364528482,3.0275384308669526,306.2687632663112
1.0364503535815808,0.0,0.0,0.0,0.6566838833969482,0.0,4.128747497775861,3.0271384308669522,304.6924797673033
1.0362379084071176,0.0,0.0,0.0,0.6586125234667064,0.0,4.13364622613111,3.026738430866951,303.12292129128366
1.0360257311275443,0.0,0.0,0.0,0.6605483056310854,0.0,4.1385757684044915,3.0263384308669528,301.5600706775069
1.0358138225414175,0.0,0.0,0.0,0.6624912983083968,0.0,4.143536344810041,3.025938430866952,300.00391079181657
1.0356021834642177,0.0,0.0,0.0,0.6644415705405882,0.0,4.148528176964374,3.0255384308669515,298.4544245276776
1.035390814728411,0.0,0.0,0.0,0.66639919200026,0.0,4.153551487885211,3.025138430866952,296.91159480736246
1.0351797171834942,0.0,0.0,0.0,0.6683642329978837,0.0,4.1586065019896825,3.024738430866952,295.3754045829414
1.0349688916960504,0.0,0.0,0.0,0.670336764489001,0.0,4.1636934450921865,3.024338430866954,293.84583683772047
1.0347583391498136,0.0,0.0,0.0,0.6723168580814279,0.0,4.168812544401494,3.023938430866953,292.322874587129
1.0345480604457225,0.0,0.0,0.0,0.674304586042597,0.0,4.173964028517738,3.0235384308669526,290.8065008802271
1.0343380565019695,0.0,0.0,0.0,0.6763000213070194,0.0,4.179148127429096,3.0231384308669518,289.2966988008345
1.0341283282540825,0.0,0.0,0.0,0.6783032374835503,0.0,4.1843650725071635,3.022738430866954,287.7934514688453
1.0339188766549536,0.0,0.0,0.0,0.6803143088631445,0.0,4.189615096503226,3.0223384308669523,286.29674204152565
1.0337097026749242,0.0,0.0,0.0,0.6823333104262207,0.0,4.194898433542588,3.0219384308669537,284.80655371497056
1.0335008073018408,0.0,0.0,0.0,0.684360317850343,0.0,4.200215319119206,3.0215384308669533,283.32286972538475
1.033292191541099,0.0,0.0,0.0,0.6863954075180488,0.0,4.205565990090027,3.0211384308669547,281.84567335071586
1.0330838564157394,0.0,0.0,0.0,0.6884386565243372,0.0,4.210950684667464,3.0207384308669543,280.3749479117249
1.032875802966473,0.0,0.0,0.0,0.6904901426847807,0.0,4.216369642413228,3.0203384308669534,278.91067677405147
1.0326680322517727,0.0,0.0,0.0,0.6925499445431803,0.0,4.221823104229772,3.019938430866953,277.4528433492295
1.0324605453479303,0.0,0.0,0.0,0.694618141379548,0.0,4.227311312352019,3.019538430866953,276.00143109651094
1.0322533433491117,0.0,0.0,0.0,0.6966948132181933,0.0,4.232834510338714,3.019138430866953,274.5564235244969
1.0320464273674281,0.0,0.0,0.0,0.6987800408357213,0.0,4.238392943062411,3.018738430866952,273.11780419264386
1.031839798533014,0.0,0.0,0.0,0.7008739057690397,0.0,4.2439868566990135,3.018338430866954,271.685556713159
1.031633457994073,0.0,0.0,0.0,0.7029764903237192,0.0,4.249616498717132,3.0179384308669537,270.2596647524494
1.0314274069169564,0.0,0.0,0.0,0.7050878775820977,0.0,4.255282117866084,3.0175384308669533,268.84011203318056
1.0312216464862254,0.0,0.0,0.0,0.7072081514116378,0.0,4.260983964163576,3.0171384308669547,267.4268823359165
1.0310161779047284,0.0,0.0,0.0,0.7093373964731667,0.0,4.266722288882227,3.0167384308669556,266.0199595008898
1.0308110023936496,0.0,0.0,0.0,0.7114756982294611,0.0,4.2724973445361485,3.0163384308669556,264.6193274302787
1.0306061211926112,0.0,0.0,0.0,0.7136231429533902,0.0,4.278309384865139,3.015938430866953,263.2249700894251
1.0304015355596907,0.0,0.0,0.0,0.7157798177368884,0.0,4.284158664820612,3.0155384308669544,261.8368715097926
1.0301972467715443,0.0,0.0,0.0,0.7179458104990403,0.0,4.29004544054763,3.015138430866953,260.4550157900248
1.0299932561234353,0.0,0.0,0.0,0.7201212099950531,0.0,4.295969969368733,3.0147384308669545,259.079387098709
1.0297895649293318,0.0,0.0,0.0,0.7223061058246737,0.0,4.301932509764936,3.014338430866955,257.70996967594243
1.0295861745219537,0.0,0.0,0.0,0.724500588441115,0.0,4.307933321357367,3.013938430866956,256.3467478361064
1.0293830862528526,0.0,0.0,0.0,0.7267047491597314,0.0,4.313972664886805,3.0135384308669564,254.98970596942053
1.029180301492485,0.0,0.0,0.0,0.7289186801668054,0.0,4.320050802192748,3.013138430866956,253.6388285447589
1.028977821630277,0.0,0.0,0.0,0.7311424745284567,0.0,4.326167996191446,3.0127384308669565,252.29410011153453
1.0287756480746912,0.0,0.0,0.0,0.7333762261995881,0.0,4.332324510853007,3.0123384308669543,250.95550530218208
1.0285737822533088,0.0,0.0,0.0,0.7356200300327167,0.0,4.338520611177045,3.0119384308669552,249.6230288347317
1.0283722256128847,0.0,0.0,0.0,0.7378739817871175,0.0,4.344756563167945,3.011538430866955,248.29665551491388
1.0281709796194176,0.0,0.0,0.0,0.7401381781378563,0.0,4.3510326338086305,3.0111384308669553,246.97637023902354
1.027970045758238,0.0,0.0,0.0,0.7424127166846921,0.0,4.357349091032647,3.0107384308669563,245.66215799625863
1.0277694255340526,0.0,0.0,0.0,0.74469769596143,0.0,4.36370620369643,3.0103384308669567,244.35400387114174
1.0275691204710287,0.0,0.0,0.0,0.7469932154449317,0.0,4.370104241549139,3.009938430866956,243.0518930466001
1.027369132112862,0.0,0.0,0.0,0.7492993755642994,0.0,4.376543475201638,3.0095384308669564,241.7558108065001
1.0271694620228302,0.0,0.0,0.0,0.7516162777102526,0.0,4.383024176094964,3.0091384308669564,240.46574253813765
1.0269701117838894,0.0,0.0,0.0,0.7539440242440806,0.0,4.389546616465804,3.0087384308669565,239.1816737353414
1.026771082998706,0.0,0.0,0.0,0.7562827185072811,0.0,4.396111069312942,3.008338430866955,237.90359000123863
1.0265723772897575,0.0,0.0,0.0,0.7586324648305091,0.0,4.402717808359972,3.0079384308669574,236.63147705122518
1.026373996299371,0.0,0.0,0.0,0.7609933685431934,0.0,4.40936710801875,3.0075384308669584,235.36532071595082
1.0261759416897989,0.0,0.0,0.0,0.7633655359827682,0.0,4.416059243350109,3.0071384308669584,234.10510694405608
1.0259782151432981,0.0,0.0,0.0,0.7657490745038784,0.0,4.422794490022985,3.0067384308669576,232.8508218058472
1.025780818362167,0.0,0.0,0.0,0.7681440924880444,0.0,4.429573124273483,3.0063384308669576,231.60245149575985
1.0255837530688203,0.0,0.0,0.0,0.7705506993529238,0.0,4.436395422861146,3.005938430866955,230.35998233608706
1.0253870210058733,0.0,0.0,0.0,0.7729690055614519,0.0,4.443261663023079,3.0055384308669577,229.1234007797578
1.0251906239361595,0.0,0.0,0.0,0.7753991226317322,0.0,4.450172122429215,3.005138430866957,227.89269341416338
1.0249945636428237,0.0,0.0,0.0,0.7778411631460518,0.0,4.4571270791327136,3.004738430866958,226.66784696413828
1.0247988419293699,0.0,0.0,0.0,0.7802952407604192,0.0,4.4641268115207335,3.0043384308669565,225.44884829528166
1.0246034606197199,0.0,0.0,0.0,0.7827614702139207,0.0,4.471171598262764,3.0039384308669583,224.23568441796294
1.0244084215582692,0.0,0.0,0.0,0.7852399673381228,0.0,4.478261718257394,3.00353843086696,223.02834249049715
1.0242137266099358,0.0,0.0,0.0,0.7877308490664976,0.0,4.485397450577411,3.0031384308669606,221.8268098223577
1.02401937766023,0.0,0.0,0.0,0.7902342334435858,0.0,4.492579074412572,3.0027384308669576,220.6310738786936
1.0238253766152856,0.0,0.0,0.0,0.7927502396345457,0.0,4.499806869011252,3.002338430866957,219.44112228332705
1.0236317254019278,0.0,0.0,0.0,0.7952789879342591,0.0,4.507081113619531,3.0019384308669577,218.25694282286355
1.0234384259677038,0.0,0.0,0.0,0.7978205997767922,0.0,4.51440208741903,3.001538430866961,217.078523450098
1.0232454802809505,0.0,0.0,0.0,0.8003751977443815,0.0,4.521770069461713,3.001138430866958,215.9058522885066
1.0230528903308098,0.0,0.0,0.0,0.8029429055769463,0.0,4.529185338604356,3.0007384308669605,214.7389176355187
1.0228606581273012,0.0,0.0,0.0,0.805523848180891,0.0,4.536648173438872,3.0003384308669605,213.57770796709679
1.0226687857013501,0.0,0.0,0.0,0.8081181516383086,0.0,4.5441588522218925,2.9999384308669588,212.42221194113483
1.022477275104802,0.0,0.0,0.0,0.8107259432163036,0.0,4.551717652803015,2.9995384308669637,211.27241840214504
1.0222861284105034,0.0,0.0,0.0,0.8133473513754075,0.0,4.559324852547899,2.9991384308669593,210.12831638483385
1.0220953477122936,0.0,0.0,0.0,0.8159825057789529,0.0,4.566980728262585,2.998738430866961,208.98989511884832
1.0219049351250464,0.0,0.0,0.0,0.8186315373017742,0.0,4.574685556113563,2.9983384308669603,207.85714403263898
1.021714892784725,0.0,0.0,0.0,0.8212945780385683,0.0,4.582439611544905,2.9979384308669603,206.7300527575631
1.0215252228483434,0.0,0.0,0.0,0.8239717613133519,0.0,4.590243169196654,2.997538430866961,205.60861113298893
1.02133592749406,0.0,0.0,0.0,0.8266632216870735,0.0,4.598096502815066,2.9971384308669613,204.49280920975713
1.0211470089211327,0.0,0.0,0.0,0.829369094966881,0.0,4.605999885166736,2.9967384308669645,203.38263725522415
1.0209584693499738,0.0,0.0,0.0,0.8320895182139241,0.0,4.61395358794496,2.996338430866965,202.27808575741818
1.0207703110221478,0.0,0.0,0.0,0.8348246297517408,0.0,4.621957881676756,2.9959384308669623,201.17914542988615
1.0205825362003633,0.0,0.0,0.0,0.8375745691745509,0.0,4.630013035626868,2.995538430866962,200.0858072158527
1.0203951471685015,0.0,0.0,0.0,0.8403394773548923,0.0,4.638119317697598,2.9951384308669655,198.99806229311355
1.020208146231594,0.0,0.0,0.0,0.8431194964517237,0.0,4.646276994328269,2.9947384308669647,197.91590207819553
1.0200215357158222,0.0,0.0,0.0,0.8459147699180165,0.0,4.654486330390479,2.9943384308669643,196.83931823199742
1.0198353179685238,0.0,0.0,0.0,0.8487254425080719,0.0,4.6627475890805785,2.9939384308669688,195.76830266353096
1.0196494953581543,0.0,0.0,0.0,0.8515516602851898,0.0,4.671061031810929,2.9935384308669652,194.70284753472663
1.019464070274261,0.0,0.0,0.0,0.854393570628934,0.0,4.679426918097693,2.9931384308669644,193.64294526597922
1.0192790451275133,0.0,0.0,0.0,0.8572513222413682,0.0,4.687845505443197,2.9927384308669667,192.588588540334
1.0190944223495935,0.0,0.0,0.0,0.860125065154971,0.0,4.696317049221363,2.992338430866971,191.5397703080322
1.0189102043932334,0.0,0.0,0.0,0.863014950738214,0.0,4.70484180255353,2.9919384308669694,190.49648379213852
1.018726393732119,0.0,0.0,0.0,0.8659211317027201,0.0,4.713420016187135,2.9915384308669717,189.45872249243877
1.0185429928608865,0.0,0.0,0.0,0.86884376210881,0.0,4.722051938366831,2.9911384308669717,188.42648019141274
1.0183600042950378,0.0,0.0,0.0,0.8717829973718877,0.0,4.73073781470645,2.990738430866973,187.3997509580446
1.018177430570899,0.0,0.0,0.0,0.874738994267869,0.0,4.739477888055411,2.9903384308669736,186.37852915320644
1.0179952742455487,0.0,0.0,0.0,0.8777119109386897,0.0,4.7482723983632855,2.9899384308669728,185.36280943479068
1.0178135378967568,0.0,0.0,0.0,0.8807019068972962,0.0,4.757121582540617,2.9895384308669697,184.3525867619437
1.0176322241228855,0.0,0.0,0.0,0.883709143032819,0.0,4.766025674318158,2.9891384308669715,183.34785640053013
1.0174513355428096,0.0,0.0,0.0,0.8867337816150707,0.0,4.774984904101636,2.9887384308669733,182.34861392783336
1.0172708747958494,0.0,0.0,0.0,0.8897759862984095,0.0,4.78399949882265,2.988338430866977,181.35485523684702
1.0170908445416196,0.0,0.0,0.0,0.8928359221264784,0.0,4.793069681790107,2.9879384308669747,180.36657654248387
1.016911247459953,0.0,0.0,0.0,0.8959137555353195,0.0,4.802195672534457,2.9875384308669783,179.38377438430678
1.0167320862508025,0.0,0.0,0.0,0.8990096543563935,0.0,4.811377686649478,2.98713843086698,178.40644563382625
1.0165533636340547,0.0,0.0,0.0,0.9021237878204476,0.0,4.820615935635156,2.9867384308669767,177.43458749696828
1.0163750823494393,0.0,0.0,0.0,0.9052563265594198,0.0,4.829910626731748,2.986338430866978,176.46819752031212
1.016197245156379,0.0,0.0,0.0,0.9084074426087355,0.0,4.839261962753733,2.9859384308669847,175.50727359496636
1.0160198548338373,0.0,0.0,0.0,0.9115773094091094,0.0,4.848670141920052,2.9855384308669803,174.55181396156905
1.015842914180128,0.0,0.0,0.0,0.9147661018083825,0.0,4.858135357682572,2.985138430866985,173.60181721460856
1.0156664260127766,0.0,0.0,0.0,0.9179739960619832,0.0,4.867657798548706,2.984738430866985,172.65728230703218
1.0154903931683192,0.0,0.0,0.0,0.921201169833756,0.0,4.877237647903102,2.9843384308669836,171.71820855512505
1.0153148185021055,0.0,0.0,0.0,0.9244478021961468,0.0,4.886875083825985,2.983938430866984,170.7845956415543
1.015139704888114,0.0,0.0,0.0,0.927714073629503,0.0,4.896570278906947,2.9835384308669877,169.85644362123725
1.0149650552186933,0.0,0.0,0.0,0.9310001660220036,0.0,4.906323400059311,2.9831384308669895,168.93375292449485
1.014790872404387,0.0,0.0,0.0,0.9343062626674422,0.0,4.916134608326049,2.9827384308669886,168.01652436172554
1.014617159373634,0.0,0.0,0.0,0.9376325482644711,0.0,4.9260040586892355,2.9823384308669887,167.10475912661508
1.0144439190725827,0.0,0.0,0.0,0.9409792089131047,0.0,4.935931899869545,2.9819384308669936,166.19845880089844
1.0142711544647671,0.0,0.0,0.0,0.9443464321129509,0.0,4.945918274129884,2.9815384308669923,165.29762535726172
1.014098868530852,0.0,0.0,0.0,0.9477344067593878,0.0,4.955963317071579,2.9811384308669937,164.40226116462748
1.0139270642683436,0.0,0.0,0.0,0.95114332313961,0.0,4.9660671574293085,2.980738430866997,163.51236898856592
1.0137557446912893,0.0,0.0,0.0,0.9545733729280048,0.0,4.976229916862603,2.980338430866998,162.6279519979053
1.0135849128299423,0.0,0.0,0.0,0.958024749181362,0.0,4.986451709746682,2.9799384308670023,161.74901376598325
1.0134145717304317,0.0,0.0,0.0,0.9614976463331264,0.0,4.996732642959466,2.979538430867002,160.8755582743487
1.0132447244544045,0.0,0.0,0.0,0.9649922601872485,0.0,5.007072815666499,2.9791384308670064,160.0075899151871
1.0130753740786955,0.0,0.0,0.0,0.9685087879106308,0.0,5.017472319101614,2.978738430867007,159.1451134945072
1.0129065236949173,0.0,0.0,0.0,0.9720474280261264,0.0,5.027931236348571,2.9783384308670042,158.28813423462725
1.0127381764090682,0.0,0.0,0.0,0.9756083804042543,0.0,5.038449642119297,2.977938430867014,157.43665777576416
1.012570335341132,0.0,0.0,0.0,0.9791918462541099,0.0,5.049027602529121,2.977538430867013,156.59069017854966
1.0124030036246197,0.0,0.0,0.0,0.982798028114365,0.0,5.059665174872768,2.977138430867014,155.75023792622244
1.0122361844061785,0.0,0.0,0.0,0.986427129841933,0.0,5.070362407393313,2.97673843086702,154.91530792626133
1.012069880845064,0.0,0.0,0.0,0.9900793566023282,0.0,5.081119339057368,2.9763384308670178,154.085907510732
1.0119040961127237,0.0,0.0,0.0,0.9937549148566658,0.0,5.091935999320263,2.975938430867024,153.26204443799782
1.0117388333922397,0.0,0.0,0.0,0.9974540123504749,0.0,5.102812407897909,2.9755384308670227,152.44372689496504
1.011574095877864,0.0,0.0,0.0,1.001176858099457,0.0,5.113748574530171,2.9751384308670197,151.6309634947268
1.0114098867744135,0.0,0.0,0.0,1.0049236623770696,0.0,5.124744498751868,2.9747384308670295,150.82376328094693
1.01124620929681,0.0,0.0,0.0,1.0086946366978469,0.0,5.135800169651356,2.974338430867032,150.0221357235485
1.011083066669421,0.0,0.0,0.0,1.0124899938037926,0.0,5.146915565640737,2.9739384308670305,149.22609072175646
1.010920462125503,0.0,0.0,0.0,1.0163099476473827,0.0,5.158090654217815,2.9735384308670367,148.4356386019117
1.0107583989065854,0.0,0.0,0.0,1.020154713374629,0.0,5.16932539173019,2.9731384308670363,147.65079011725027
1.0105968802618401,0.0,0.0,0.0,1.024024507307189,0.0,5.180619723138779,2.972738430867034,146.87155644626017
1.0104359094474018,0.0,0.0,0.0,1.0279195469243614,0.0,5.191973581784456,2.9723384308670378,146.09794919134686
1.0102754897257151,0.0,0.0,0.0,1.0318400508431729,0.0,5.203386889150573,2.9719384308670405,145.3299803777182
1.0101156243648328,0.0,0.0,0.0,1.0357862387982828,0.0,5.214859554629533,2.9715384308670396,144.56766244892094
1.0099563166376904,0.0,0.0,0.0,1.0397583316211205,0.0,5.226391475289066,2.9711384308670485,143.81100826729005
1.0097975698213462,0.0,0.0,0.0,1.0437565512185498,0.0,5.237982535642428,2.9707384308670473,143.06003110835712
1.0096393871962759,0.0,0.0,0.0,1.0477811205488334,0.0,5.249632607412881,2.970338430867053,142.31474465864682
1.0094817720455205,0.0,0.0,0.0,1.0518322635998139,0.0,5.261341549310282,2.9699384308670487,141.575163012826
1.0093247276539183,0.0,0.0,0.0,1.055910205363659,0.0,5.273109206801497,2.9695384308670505,140.84130066664068
1.009168257307282,0.0,0.0,0.0,1.0600151718116204,0.0,5.2849354118855825,2.9691384308670523,140.11317251524997
1.009012364291469,0.0,0.0,0.0,1.0641473898700258,0.0,5.296819982878416,2.9687384308670537,139.39079384681088
1.0088570518916145,0.0,0.0,0.0,1.068307087390878,0.0,5.3087627241858595,2.968338430867055,138.67418033816574
1.008702323391188,0.0,0.0,0.0,1.0724944931254063,0.0,5.320763426092177,2.967938430867065,137.9633480473475
1.0085481820710014,0.0,0.0,0.0,1.0767098366976295,0.0,5.332821864554843,2.967538430867069,137.25831340782662
1.0083946312084147,0.0,0.0,0.0,1.0809533485713008,0.0,5.344937800984716,2.967138430867069,136.55909322341512
1.0082416740762017,0.0,0.0,0.0,1.0852252600243915,0.0,5.357110982057187,2.9667384308670703,135.8657046583412
1.0080893139416471,0.0,0.0,0.0,1.0895258031161639,0.0,5.369341139507129,2.9663384308670735,135.17816523215413
1.007937554065583,0.0,0.0,0.0,1.0938552106543686,0.0,5.38162798993206,2.9659384308670638,134.49649280818988
1.0077863977012076,0.0,0.0,0.0,1.098213716166982,0.0,5.393971234616357,2.9655384308670723,133.82070559066995
1.0076358480931416,0.0,0.0,0.0,1.1026015538662413,0.0,5.406370559340918,2.9651384308670767,133.15082210913232
1.0074859084763181,0.0,0.0,0.0,1.107018958615762,0.0,5.418825634210325,2.9647384308670772,132.4868612136359
1.0073365820748608,0.0,0.0,0.0,1.1114661658967664,0.0,5.431336113485794,2.964338430867076,131.82884206257268
1.0071878721009357,0.0,0.0,0.0,1.1159434117737494,0.0,5.443901635425815,2.963938430867069,131.17678411177212
1.007039781753653,0.0,0.0,0.0,1.1204509328574737,0.0,5.456521822128147,2.963538430867068,130.53070710662496
1.0068923142178852,0.0,0.0,0.0,1.1249889662690404,0.0,5.469196279384927,2.963138430867068,129.89063106618642
1.0067454726630292,0.0,0.0,0.0,1.1295577496044753,0.0,5.4819245965490175,2.962738430867079,129.2565762748697
1.0065992602418057,0.0,0.0,0.0,1.134157520897051,0.0,5.49470634640409,2.962338430867079,128.6285632685047
1.0064536800890975,0.0,0.0,0.0,1.1387885185772113,0.0,5.507541085038604,2.961938430867068,128.00661282090104
1.00630873532056,0.0,0.0,0.0,1.1434509814383282,0.0,5.520428351747347,2.9615384308670745,127.39074593144372
1.0061644290314977,0.0,0.0,0.0,1.1481451485933127,0.0,5.533367668918045,2.9611384308670687,126.7809838128612
1.0060207642954433,0.0,0.0,0.0,1.1528712594393054,0.0,5.546358541952815,2.9607384308670666,126.17734787272366
1.0058777441628959,0.0,0.0,0.0,1.1576295536165653,0.0,5.559400459184329,2.9603384308670724,125.57985970264559
1.005735371660062,0.0,0.0,0.0,1.1624202709662481,0.0,5.572492891801607,2.959938430867073,124.988541062318
1.0055936497873568,0.0,0.0,0.0,1.1672436514950724,0.0,5.585635293806905,2.9595384308670556,124.40341386114002
1.0054525815181325,0.0,0.0,0.0,1.1720999353318793,0.0,5.598827101963368,2.959138430867068,123.82450014615543
1.0053121697973582,0.0,0.0,0.0,1.1769893626850918,0.0,5.612067735756976,2.9587384308670566,123.25182208348983
1.005172417540106,0.0,0.0,0.0,1.1819121738057539,0.0,5.625356597387761,2.9583384308670455,122.68540194100274
1.0050333276302224,0.0,0.0,0.0,1.1868686089440785,0.0,5.63869307175607,2.95793843086705,122.12526207148849
1.0048949029188776,0.0,0.0,0.0,1.1918589083094875,0.0,5.652076526472586,2.9575384308670545,121.57142489701923
1.0047571462231555,0.0,0.0,0.0,1.1968833120289277,0.0,5.665506311876048,2.9571384308670376,121.02391288853943
1.004620060324594,0.0,0.0,0.0,1.2019420601065163,0.0,5.678981761069923,2.956738430867045,120.4827485472994
1.0044836479677803,0.0,0.0,0.0,1.2070353923811747,0.0,5.692502189966366,2.9563384308670333,119.94795438784547
1.004347911858821,0.0,0.0,0.0,1.2121635484884408,0.0,5.7060668973561794,2.9559384308670245,119.41955291600758
1.0042128546639466,0.0,0.0,0.0,1.2173267678175792,0.0,5.719675164981041,2.955538430867024,118.8975666160398
1.0040784790080162,0.0,0.0,0.0,1.2225252894723189,0.0,5.733326257628221,2.9551384308670308,118.38201792298497
1.0039447874730134,0.0,0.0,0.0,1.2277593522321801,0.0,5.7470194232433185,2.954738430867011,117.87292920771702
1.0038117825966524,0.0,0.0,0.0,1.2330291945099316,0.0,5.760753893044739,2.95433843086702,117.37032275540128
1.003679466870806,0.0,0.0,0.0,1.2383350543162956,0.0,5.774528881674721,2.953938430867005,116.87422074436859
1.0035478427401,0.0,0.0,0.0,1.2436771692187842,0.0,5.788343587346789,2.953538430867004,116.38464522909555
1.0034169126004056,0.0,0.0,0.0,1.2490557763051933,0.0,5.80219719202192,2.9531384308669946,115.90161811184282
1.003286678797357,0.0,0.0,0.0,1.2544711121469658,0.0,5.816088861597686,2.9527384308669955,115.42516113338692
1.003157143624971,0.0,0.0,0.0,1.259923412759335,0.0,5.830017746103627,2.9523384308669742,114.95529583870683
1.0030283093240526,0.0,0.0,0.0,1.2654129135712417,0.0,5.843982979936561,2.951938430866983,114.49204356799345
1.0029001780808613,0.0,0.0,0.0,1.2709398493859008,0.0,5.857983682085843,2.9515384308669668,114.03542542616256
1.0027727520255896,0.0,0.0,0.0,1.2765044543503854,0.0,5.8720189563955625,2.9511384308669686,113.58546226527113
1.0026460332310332,0.0,0.0,0.0,1.282106961918791,0.0,5.886087891824289,2.9507384308669646,113.14217466848359
1.002520023711076,0.0,0.0,0.0,1.2877476048247845,0.0,5.900189562742504,2.950338430866978,112.70558291658574
1.0023947254192949,0.0,0.0,0.0,1.2934266150511264,0.0,5.914323029236099,2.949938430866952,112.27570697897693
1.002270140247735,0.0,0.0,0.0,1.2991442237933482,0.0,5.928487337406524,2.9495384308669514,111.85256648568452
1.002146270025301,0.0,0.0,0.0,1.3049006614427652,0.0,5.942681519735596,2.949138430866948,111.43618070771731
1.0020231165166085,0.0,0.0,0.0,1.3106961575512632,0.0,5.956904595413432,2.9487384308669524,111.02656853642705
1.0019006814206353,0.0,0.0,0.0,1.3165309408073342,0.0,5.971155570709705,2.9483384308669636,110.6237484649495
1.0017789663693615,0.0,0.0,0.0,1.3224052390153858,0.0,5.985433439363041,2.9479384308669587,110.22773856151389
1.0016579729265316,0.0,0.0,0.0,1.3283192790722314,0.0,5.999737182975791,2.947538430866956,109.83855645373723
1.001537702586466,0.0,0.0,0.0,1.3342732869440932,0.0,6.014065771420196,2.947138430866974,109.45621931133195
1.0014181567727334,0.0,0.0,0.0,1.3402674876534328,0.0,6.02841816327981,2.9467384308669855,109.08074382120225
1.001299336837207,0.0,0.0,0.0,1.3463021052503477,0.0,6.042793306262636,2.9463384308669998,108.71214616391705
1.0011812440586203,0.0,0.0,0.0,1.352377362811906,0.0,6.057190137692732,2.9459384308669905,108.35044200692096
1.001063879641719,0.0,0.0,0.0,1.3584934824157373,0.0,6.071607584946918,2.945538430867024,107.99564647486977
1.0009472447160268,0.0,0.0,0.0,1.3646506851365512,0.0,6.08604456595627,2.945138430867035,107.64777413510308
1.000831340334893,0.0,0.0,0.0,1.3708491910323182,0.0,6.100499989690295,2.9447384308670372,107.30683897964164
1.0007161674745602,0.0,0.0,0.0,1.377089219133335,0.0,6.114972756655027,2.9443384308670657,106.97285440701609
1.0006017270331231,0.0,0.0,0.0,1.3833709874412106,0.0,6.129461759421288,2.94393843086708,106.64583320625212
1.0004880198295831,0.0,0.0,0.0,1.3896947129273916,0.0,6.143965883157969,2.9435384308671035,106.32578753706659
1.000375046603157,0.0,0.0,0.0,1.3960606115224667,0.0,6.158484006148637,2.9431384308671342,106.01272891579964
1.0002628080123264,0.0,0.0,0.0,1.402468898124009,0.0,6.173015000355605,2.942738430867153,105.70666820258546
1.0001513046341792,0.0,0.0,0.0,1.4089197865933625,0.0,6.187557731963265,2.9423384308671983,105.40761558420252
1.000040536963619,0.0,0.0,0.0,1.4154134897646196,0.0,6.202111061951883,2.9419384308672076,105.11558055205242
0.9999305054127502,0.0,0.0,0.0,1.4219502194487255,0.0,6.216673846662464,2.9415384308672494,104.83057190435011
0.9998212103102206,0.0,0.0,0.0,1.4285301864454214,0.0,6.231244938381949,2.941138430867299,104.55259771884008
0.9997126519008123,0.0,0.0,0.0,1.4351536005457395,0.0,6.245823185907191,2.940738430867334,104.28166534481784
0.9996048303447231,0.0,0.0,0.0,1.441820670558205,0.0,6.26040743516271,2.9403384308673832,104.01778139562921
0.9994977457173189,0.0,0.0,0.0,1.4485316043128054,0.0,6.274996529768802,2.9399384308674237,103.76095172899889
0.9993913980086143,0.0,0.0,0.0,1.4552866086865608,0.0,6.289589311654967,2.939538430867468,103.51118144609649
0.999285787123036,0.0,0.0,0.0,1.4620858896178384,0.0,6.304184621647386,2.9391384308675157,103.2684748735104
0.9991809128790882,0.0,0.0,0.0,1.4689296521322792,0.0,6.318781300079326,2.9387384308675633,103.0328355589161
0.9990767750091459,0.0,0.0,0.0,1.47581810036682,0.0,6.3333781873920625,2.938338430867637,102.8042662609248
0.9989733731593812,0.0,0.0,0.0,1.4827514375909607,0.0,6.347974124728088,2.937938430867678,102.58276894570233
0.9988707068895065,0.0,0.0,0.0,1.489729866245894,0.0,6.36256795455431,2.9375384308677432,102.36834477231534
0.9987687756729322,0.0,0.0,0.0,1.4967535879627558,0.0,6.377158521238312,2.937138430867792,102.16099409106471
0.9986675788966064,0.0,0.0,0.0,1.5038228036080594,0.0,6.391744671673044,2.936738430866957,101.96071643891514
0.9985671158612167,0.0,0.0,0.0,1.5109377133098079,0.0,6.40632525585451,2.936338430866968,101.7675105421643
0.9984673857812913,0.0,0.0,0.0,1.5180985164992338,0.0,6.420899127483787,2.9359384308669703,101.58137429757312
0.9983683877854302,0.0,0.0,0.0,1.5253054119468912,0.0,6.435465144548416,2.9355384308669557,101.4023047762297
0.9982701209165166,0.0,0.0,0.0,1.5325585978077625,0.0,6.45002216991455,2.935138430866971,101.23029822917411
0.9981725841320911,0.0,0.0,0.0,1.5398582716607454,0.0,6.464569071894431,2.93473843086695,101.0653500712755
0.9980757763046832,0.0,0.0,0.0,1.5472046305572607,0.0,6.479104724825276,2.934338430866954,100.90745489252288
0.9979796962222724,0.0,0.0,0.0,1.5545978710666986,0.0,6.493628009626644,2.933938430866959,100.75660645726708
0.9978843425887944,0.0,0.0,0.0,1.5620381893244042,0.0,6.508137814354676,2.9335384308669754,100.61279770190305
0.9977897140247247,0.0,0.0,0.0,1.5695257810798415,0.0,6.522633034741403,2.9331384308669675,100.47602073196512
0.9976958090675626,0.0,0.0,0.0,1.5770608417585557,0.0,6.537112574749071,2.9327384308669715,100.34626683673741
0.9976026261726418,0.0,0.0,0.0,1.58464356650484,0.0,6.5515753470738805,2.93233843086696,100.22352648175104
0.9975101637137356,0.0,0.0,0.0,1.5922741502461588,0.0,6.566020273676731,2.9319384308669556,100.10778931659175
0.9974184199839233,0.0,0.0,0.0,1.5999527877426418,0.0,6.580446286270874,2.93153843086695,99.99904418723543
0.9973273931963338,0.0,0.0,0.0,1.6076796736521395,0.0,6.594852326824697,2.931138430866968,99.89727912388221
0.9972370814850697,0.0,0.0,0.0,1.6154550025860983,0.0,6.609237348031897,2.9307384308669713,99.80248136329215
0.997147482906113,0.0,0.0,0.0,1.6232789691723581,0.0,6.623600313777991,2.9303384308669567,99.71463734959221
0.997058595438203,0.0,0.0,0.0,1.6311517681259275,0.0,6.6379401996059775,2.929938430866955,99.63373273973536
0.9969704169840977,0.0,0.0,0.0,1.6390735942917611,0.0,6.652255993113603,2.9295384308669647,99.559752419593
0.9968829453713626,0.0,0.0,0.0,1.6470446427335739,0.0,6.666546694419289,2.9291384308669595,99.49268049682166
0.9967961783536801,0.0,0.0,0.0,1.6550651087820023,0.0,6.680811316535449,2.9287384308669493,99.43250032932679
0.9967101136118407,0.0,0.0,0.0,1.6631351881157928,0.0,6.695048885785827,2.9283384308669573,99.37919452354896
0.9966247487550495,0.0,0.0,0.0,1.6712550768191732,0.0,6.709258442161449,2.9279384308669494,99.33274494464669
0.9965400813220672,0.0,0.0,0.0,1.6794249714583094,0.0,6.723439039693938,2.927538430867855,99.293132743813
0.9964561087825159,0.0,0.0,0.0,1.6876450691483107,0.0,6.737589746792654,2.9271384308677515,99.26033832676231
0.9963728285382513,0.0,0.0,0.0,1.6959155676146003,0.0,6.751709646557402,2.926738430867637,99.23434142649347
0.9962902379244614,0.0,0.0,0.0,1.7042366652878544,0.0,6.765797837128519,2.926338430867495,99.21512106818025
0.9962083342113572,0.0,0.0,0.0,1.7126085613431377,0.0,6.779853431924232,2.9259384308673915,99.20265560741467
0.9961271146052423,0.0,0.0,0.0,1.7210314558040607,0.0,6.793875559971822,2.925538430867286,99.19692272789717
0.996046576250126,0.0,0.0,0.0,1.7295055495961043,0.0,6.807863366132991,2.925138430867196,99.19789946502843
0.9959667162291321,0.0,0.0,0.0,1.738031044623207,0.0,6.821816011352196,2.92473843086707,99.20556221934945
0.9958875315659724,0.0,0.0,0.0,1.7466081438402883,0.0,6.83573267288016,2.9243384308670026,99.21988676599074
0.995809019226302,0.0,0.0,0.0,1.7552370513414968,0.0,6.849612544505417,2.92393843086698,99.24084828290972
0.9957311761194728,0.0,0.0,0.0,1.7639179724078384,0.0,6.863454836701521,2.923538430866986,99.268421331186
0.9956539990998369,0.0,0.0,0.0,1.7726511136052236,0.0,6.877258776840035,2.923138430866998,99.30257992596071
0.995577484968404,0.0,0.0,0.0,1.7814366828461494,0.0,6.891023609326802,2.9227384308671263,99.34329749586348
0.9955016304743578,0.0,0.0,0.0,1.7902748894683975,0.0,6.904748595749195,2.9223384308672995,99.39054693954094
0.9954264323166628,0.0,0.0,0.0,1.7991659443045933,0.0,6.918433014991781,2.9219384308675505,99.44430062040396
0.9953518871455778,0.0,0.0,0.0,1.8081100597641695,0.0,6.932076163355705,2.921538430866965,99.50453038738729
0.9952779915642688,0.0,0.0,0.0,1.8171074499034838,0.0,6.945677354642031,2.9211384308669657,99.57120760756263
0.99520474213047,0.0,0.0,0.0,1.8261583304926436,0.0,6.959235920217158,2.92073843086695,99.64430314343903
0.9951321353579425,0.0,0.0,0.0,1.8352629191051772,0.0,6.97275120909457,2.9203384308669875,99.72378742182468
0.9950601677182046,0.0,0.0,0.0,1.8444214351758887,0.0,6.986222587954703,2.919938430866941,99.80963040338537
0.9949888356420046,0.0,0.0,0.0,1.8536341000899443,0.0,6.99964944119789,2.9195384308669743,99.90180162784148
0.9949181355212063,0.0,0.0,0.0,1.8629011372194213,0.0,7.013031170902283,2.91913843086696,100.00027022365867
0.9948480637097805,0.0,0.0,0.0,1.8722227720740965,0.0,7.026367196938713,2.918738430866973,100.10500492611266
0.9947786165262403,0.0,0.0,0.0,1.8815992322644566,0.0,7.039656956795253,2.9183384308669806,100.21597408036018
0.9947097902544952,0.0,0.0,0.0,1.8910307476694026,0.0,7.0528999056873305,2.917938430866957,100.33314568677721
0.9946415811457731,0.0,0.0,0.0,1.9005175504634073,0.0,7.066095516451798,2.91753843086694,100.45648739470448
0.994573985420238,0.0,0.0,0.0,1.9100598751807434,0.0,7.079243279480332,2.917138430866943,100.58596652311672
0.9945069992683425,0.0,0.0,0.0,1.9196579588152531,0.0,7.092342702693663,2.9167384308669857,100.72155009246504
0.9944406188526331,0.0,0.0,0.0,1.929312040854965,0.0,7.105393311411392,2.9163384308669418,100.8632048054493
0.9943748403090173,0.0,0.0,0.0,1.9390223633902919,0.0,7.118394648313559,2.9159384308669587,101.01089711748853
0.9943096597485214,0.0,0.0,0.0,1.9487891711501932,0.0,7.131346273289881,2.9155384308669947,101.16459320527986
0.9942450732586935,0.0,0.0,0.0,1.9586127115860825,0.0,7.144247763348312,2.915138430866973,101.32425900733102
0.9941810769050895,0.0,0.0,0.0,1.9684932349415873,0.0,7.157098712491487,2.914738430866985,101.4898602395306
0.9941176667328842,0.0,0.0,0.0,1.9784309942997174,0.0,7.169898731553989,2.9143384308669797,101.6613623881226
0.9940548387680853,0.0,0.0,0.0,1.9884262456876878,0.0,7.1826474481080345,2.913938430866988,101.83873076842224
0.9939925890193041,0.0,0.0,0.0,1.9984792480922169,0.0,7.195344506242057,2.9135384308669705,102.02193050496882
0.9939309134788399,0.0,0.0,0.0,2.0085902635782826,0.0,7.20798956646771,2.9131384308669768,102.21092655967945
0.993869808124375,0.0,0.0,0.0,2.0187595573077166,0.0,7.220582305486493,2.9127384308669972,102.40568373983956
0.9938092689202122,0.0,0.0,0.0,2.0289873976263166,0.0,7.233122416042801,2.9123384308669786,102.60616671762759
0.993749291818563,0.0,0.0,0.0,2.039274056140069,0.0,7.245609606748926,2.91193843086696,102.81234006014483
0.9936898727610654,0.0,0.0,0.0,2.04961980774822,0.0,7.258043601856107,2.911538430866943,103.02416822796715
0.9936310076800231,0.0,0.0,0.0,2.0600249307178617,0.0,7.270424141067039,2.9111384308669868,103.2416155803133
0.9935726924995861,0.0,0.0,0.0,2.0704897067655548,0.0,7.2827509793542875,2.9107384308669655,103.46464640854137
0.9935149231372163,0.0,0.0,0.0,2.0810144210836667,0.0,7.295023886704347,2.9103384308669344,103.69322495319057
0.9934576955047758,0.0,0.0,0.0,2.09159936242819,0.0,7.307242647931746,2.9099384308670038,103.92731538158569
0.9934010055098083,0.0,0.0,0.0,2.102244823167648,0.0,7.3194070624432515,2.9095384308669257,104.16688185938494
0.9933448490567072,0.0,0.0,0.0,2.1129510993468004,0.0,7.331516944014014,2.9091384308670056,104.41188849669038
0.9932892220479255,0.0,0.0,0.0,2.123718490737677,0.0,7.343572120547885,2.908738430866931,104.66229942490179
0.99323412038498,0.0,0.0,0.0,2.1345473009238893,0.0,7.355572433868799,2.9083384308670075,104.9180787615011
0.9931795399697374,0.0,0.0,0.0,2.145437837326166,0.0,7.367517739445595,2.9079384308669196,105.17919063789773
0.9931254767054426,0.0,0.0,0.0,2.1563904112703147,0.0,7.379407906161353,2.907538430866916,105.44559924266039
0.9930719264976934,0.0,0.0,0.0,2.167405338062013,0.0,7.391242816089508,2.907138430866926,105.71726875483489
0.9930188852556154,0.0,0.0,0.0,2.1784829370148917,0.0,7.403022364212762,2.9067384308670032,105.99416346638239
0.9929663488926518,0.0,0.0,0.0,2.189623531551784,0.0,7.414746458222675,2.906338430866919,106.27624766381413
0.9929143133277955,0.0,0.0,0.0,2.2008274492083135,0.0,7.426415018214084,2.9059384308669465,106.56348576164848
0.992862774486363,0.0,0.0,0.0,2.212095021726001,0.0,7.43802797647066,2.9055384308669714,106.855842231466
0.9928117283010071,0.0,0.0,0.0,2.223426585089198,0.0,7.449585277192889,2.9051384308669554,107.15328166279824
0.9927611707124945,0.0,0.0,0.0,2.234822479606967,0.0,7.4610868762720015,2.904738430866934,107.45576868585766
0.9927110976707159,0.0,0.0,0.0,2.2462830499379356,0.0,7.472532741003007,2.904338430866929,107.7632681414548
0.9926615051355409,0.0,0.0,0.0,2.257808645141804,0.0,7.483922849828435,2.903938430866944,108.07574490657069
0.9926123890774416,0.0,0.0,0.0,2.2693996187787637,0.0,7.49525719212859,2.9035384308670134,108.39316402720414
0.9925637454784582,0.0,0.0,0.0,2.281056328924798,0.0,7.506535767926413,2.903138430867025,108.71549067424218
0.9925155703329882,0.0,0.0,0.0,2.2927791382192404,0.0,7.517758587629662,2.902738430866955,109.04269021834656
0.9924678596482706,0.0,0.0,0.0,2.3045684139811367,0.0,7.528925671837327,2.9023384308670055,109.37472806986892
0.992420609445362,0.0,0.0,0.0,2.3164245282011016,0.0,7.540037051025881,2.901938430866992,109.71156995382867
0.992373815759854,0.0,0.0,0.0,2.328347857586844,0.0,7.5510927652933795,2.901538430866907,110.05318163824737
0.9923274746421779,0.0,0.0,0.0,2.3403387837078813,0.0,7.562092864193325,2.9011384308670056,110.39952914063258
