x,y,z,xdot,ydot,zdot,Period,JC,Stability
0.44416593031503293,0.0,0.0,0.0,1.29131044104642,0.0,12.508103165818678,2.904165596723964,1.000000205491091
0.44426328352948485,0.0,0.0,0.0,1.290950669944458,0.0,12.507965732494181,2.904265596723974,1.0000006232185876
0.4443606783518974,0.0,0.0,0.0,1.2905908224400784,0.0,12.507828160023667,2.9043655967239976,1.000001092720457
0.4445555929680619,0.0,0.0,0.0,1.2898708979201656,0.0,12.507552596427399,2.9045655967239647,1.000000233946991
0.4447506744572857,0.0,0.0,0.0,1.2891506668832349,0.0,12.507276472590698,2.904765596723965,1.0000002367828864
0.4449459231150237,0.0,0.0,0.0,1.288430128721399,0.0,12.50699978606166,2.9049655967239634,1.0000002339315806
0.4451413392375116,0.0,0.0,0.0,1.2877092828252852,0.0,12.506722534376902,2.9051655967239647,1.0000002368224858
0.445336923121997,0.0,0.0,0.0,1.2869881285832943,0.0,12.50644471506111,2.9053655967239633,1.0000002417279192
0.44553267506670036,0.0,0.0,0.0,1.286266665381733,0.0,12.5061663256271,2.9055655967239655,1.0000002291383019
0.44572859537083,0.0,0.0,0.0,1.285544892604773,0.0,12.50588736357565,2.9057655967239637,1.0000001765886541
0.44592468433461113,0.0,0.0,0.0,1.2848228096343561,0.0,12.505607826395497,2.9059655967239655,1.0000002022226138
0.44612094225924287,0.0,0.0,0.0,1.2841004158503468,0.0,12.50532771156318,2.906165596723964,1.0000001864377641
0.4463173694469539,0.0,0.0,0.0,1.28337771063035,0.0,12.50504701654298,2.9063655967239646,1.0000002559626697
0.44651396620096584,0.0,0.0,0.0,1.2826546933498402,0.0,12.504765738786913,2.906565596723964,1.0000002017412335
0.44671073282551643,0.0,0.0,0.0,1.281931363382091,0.0,12.504483875734579,2.9067655967239636,1.0000001943589032
0.44690766962586276,0.0,0.0,0.0,1.2812077200981673,0.0,12.504201424813067,2.906965596723965,1.0000000000001366
0.4471047769082758,0.0,0.0,0.0,1.2804837628669536,0.0,12.503918383436956,2.907165596723964,1.0000002076764671
0.44730205498006015,0.0,0.0,0.0,1.2797594910550907,0.0,12.503634749008159,2.907365596723964,1.000000247148678
0.4474995041495421,0.0,0.0,0.0,1.2790349040270217,0.0,12.503350518915871,2.9075655967239635,1.0000001795432414
0.44769712472607825,0.0,0.0,0.0,1.278310001144972,0.0,12.503065690536491,2.907765596723965,1.000000267073983
0.44789491702007284,0.0,0.0,0.0,1.2775847817688957,0.0,12.50278026123351,2.9079655967239653,1.0000002243764325
0.4480928813429608,0.0,0.0,0.0,1.2768592452565386,0.0,12.50249422835749,2.9081655967239644,1.0000002215928998
0.44829101800722476,0.0,0.0,0.0,1.2761333909633858,0.0,12.502207589245906,2.9083655967239648,1.000000207295304
0.44848932732640034,0.0,0.0,0.0,1.2754072182426541,0.0,12.501920341223087,2.908565596723964,1.0000001810547874
0.44868780961507054,0.0,0.0,0.0,1.2746807264453126,0.0,12.50163248160017,2.9087655967239643,1.0000002386002549
0.44888646518887776,0.0,0.0,0.0,1.2739539149200532,0.0,12.501344007674938,2.908965596723964,1.0000001811371373
0.4490852943645317,0.0,0.0,0.0,1.2732267830132666,0.0,12.501054916731835,2.9091655967239634,1.0000002248536812
0.44928429745980625,0.0,0.0,0.0,1.2724993300690612,0.0,12.500765206041757,2.9093655967239647,1.0000001889228969
0.449483474793533,0.0,0.0,0.0,1.2717715554292903,0.0,12.500474872862084,2.909565596723964,1.0000001647956862
0.4496828266856373,0.0,0.0,0.0,1.2710434584334394,0.0,12.500183914436487,2.9097655967239637,1.000000198747896
0.4498823534571151,0.0,0.0,0.0,1.2703150384187076,0.0,12.499892327994923,2.9099655967239633,1.000000195558787
0.4500820554300452,0.0,0.0,0.0,1.2695862947199748,0.0,12.499600110753462,2.9101655967239637,1.0000001906882168
0.45028193292759183,0.0,0.0,0.0,1.2688572266697997,0.0,12.499307259914318,2.910365596723963,1.0000002444221219
0.4504819862740199,0.0,0.0,0.0,1.268127833598375,0.0,12.499013772665576,2.9105655967239636,1.0000002233841725
0.45068221579468093,0.0,0.0,0.0,1.26739811483358,0.0,12.498719646181334,2.910765596723964,1.0000001752744785
0.4508826218160337,0.0,0.0,0.0,1.26666806970092,0.0,12.498424877621357,2.9109655967239627,1.0000002422829475
0.45108320466564505,0.0,0.0,0.0,1.2659376975235286,0.0,12.49812946413121,2.9111655967239636,1.0000002241408226
0.45128396467218684,0.0,0.0,0.0,1.2652069976221858,0.0,12.49783340284197,2.9113655967239644,1.000000174129605
0.4514849021654427,0.0,0.0,0.0,1.2644759693153016,0.0,12.49753669087032,2.911565596723964,1.000000202784848
0.45168601747632675,0.0,0.0,0.0,1.2637446119188593,0.0,12.497239325318287,2.9117655967239644,1.0000001635781244
0.451887310936865,0.0,0.0,0.0,1.2630129247464872,0.0,12.49694130327323,2.9119655967239626,1.0000002523642366
0.45208878288022136,0.0,0.0,0.0,1.2622809071093746,0.0,12.49664262180775,2.912165596723964,1.0000001950031865
0.4522904336406844,0.0,0.0,0.0,1.261548558316326,0.0,12.49634327797957,2.9123655967239648,1.000000217408227
0.45249226355368727,0.0,0.0,0.0,1.2608158776737008,0.0,12.496043268831412,2.912565596723964,1.0000002028909856
0.45269427295580167,0.0,0.0,0.0,1.2600828644854378,0.0,12.495742591390952,2.9127655967239647,1.0000002369669225
0.45289646218474505,0.0,0.0,0.0,1.259349518053043,0.0,12.495441242670656,2.9129655967239643,1.0000001957040405
0.4530988315793948,0.0,0.0,0.0,1.258615837675545,0.0,12.495139219667754,2.9131655967239634,1.0000002159345698
0.4533013814797778,0.0,0.0,0.0,1.2578818226495379,0.0,12.494836519364089,2.9133655967239633,1.0000001816939963
0.4535041122270767,0.0,0.0,0.0,1.2571474722691676,0.0,12.494533138726,2.9135655967239638,1.0000002522174454
0.4537070241636542,0.0,0.0,0.0,1.2564127858260592,0.0,12.494229074704291,2.9137655967239646,1.000000183469902
0.453910117633036,0.0,0.0,0.0,1.2556777626093802,0.0,12.493924324234033,2.9139655967239646,1.0000000000001088
0.45411339297992237,0.0,0.0,0.0,1.2549424019058077,0.0,12.493618884234525,2.9141655967239624,1.0000002135456443
0.45431685055019894,0.0,0.0,0.0,1.2542067029994999,0.0,12.493312751609192,2.9143655967239637,1.0000002086451358
0.4545204906909308,0.0,0.0,0.0,1.2534706651721252,0.0,12.493005923245411,2.9145655967239636,1.0000001536183551
0.4547243137503801,0.0,0.0,0.0,1.2527342877028087,0.0,12.492698396014493,2.9147655967239636,1.0000002376272614
0.4549283200780051,0.0,0.0,0.0,1.2519975698681438,0.0,12.49239016677153,2.914965596723964,1.0000001312300018
0.4551325100244541,0.0,0.0,0.0,1.2512605109422184,0.0,12.49208123235525,2.9151655967239645,1.0000001512265357
0.45533688394158994,0.0,0.0,0.0,1.2505231101965426,0.0,12.491771589587987,2.9153655967239622,1.0000001784156265
0.45554144218248876,0.0,0.0,0.0,1.2497853669000576,0.0,12.491461235275496,2.9155655967239626,1.0000002272691422
0.45574618510143167,0.0,0.0,0.0,1.2490472803191737,0.0,12.491150166206909,2.915765596723963,1.0000001558565208
0.4559511130539292,0.0,0.0,0.0,1.2483088497176946,0.0,12.490838379154587,2.9159655967239626,1.0000001750779375
0.45615622639671755,0.0,0.0,0.0,1.2475700743568385,0.0,12.490525870873961,2.916165596723964,1.0000001389519677
0.4563615254877569,0.0,0.0,0.0,1.2468309534952497,0.0,12.49021263810352,2.9163655967239634,1.0000001437488926
0.45656701068624683,0.0,0.0,0.0,1.246091486388957,0.0,12.489898677564634,2.916565596723963,1.0000001504496319
0.45677268235263685,0.0,0.0,0.0,1.2453516722913434,0.0,12.489583985961433,2.916765596723965,1.0000002231167828
0.456978540848612,0.0,0.0,0.0,1.244611510453206,0.0,12.489268559980678,2.916965596723964,1.0000002026160582
0.457184586537109,0.0,0.0,0.0,1.2438710001227056,0.0,12.48895239629176,2.9171655967239634,1.0000001272838503
0.45739081978232976,0.0,0.0,0.0,1.2431301405453312,0.0,12.488635491546408,2.9173655967239625,1.0000002060049729
0.45759724094973137,0.0,0.0,0.0,1.242388930963942,0.0,12.488317842378684,2.917565596723963,1.000000194054133
0.4578038504060486,0.0,0.0,0.0,1.2416473706187003,0.0,12.487999445404814,2.917765596723963,1.000000104746281
0.45801064851927337,0.0,0.0,0.0,1.2409054587471453,0.0,12.487680297223136,2.917965596723963,1.0000001846595317
0.45821763565869517,0.0,0.0,0.0,1.2401631945840703,0.0,12.487360394413862,2.918165596723963,1.0000001276838955
0.4584248121948709,0.0,0.0,0.0,1.2394205773616271,0.0,12.487039733539067,2.9183655967239623,1.0000002428413926
0.45863217849965854,0.0,0.0,0.0,1.2386776063092255,0.0,12.486718311142507,2.9185655967239637,1.0000001564277492
0.4588397349462015,0.0,0.0,0.0,1.237934280653591,0.0,12.486396123749508,2.9187655967239627,1.0000001748902714
0.4590474819089511,0.0,0.0,0.0,1.2371905996186987,0.0,12.486073167866817,2.9189655967239627,1.0000001586282734
0.459255419763666,0.0,0.0,0.0,1.236446562425785,0.0,12.48574943998252,2.919165596723963,1.0000001855761387
0.45946354888740776,0.0,0.0,0.0,1.235702168293368,0.0,12.485424936565893,2.9193655967239627,1.0000001218291954
0.45967186965856505,0.0,0.0,0.0,1.2349574164371766,0.0,12.485099654067247,2.9195655967239627,1.000000201717567
0.45988038245684015,0.0,0.0,0.0,1.234212306070204,0.0,12.48477358891784,2.919765596723962,1.0000001209200458
0.46008908766327444,0.0,0.0,0.0,1.2334668364026302,0.0,12.484446737529723,2.919965596723964,1.00000014802634
0.460297985660227,0.0,0.0,0.0,1.2327210066419028,0.0,12.484119096295608,2.9201655967239617,1.0000001905609277
0.46050707683142,0.0,0.0,0.0,1.2319748159925932,0.0,12.48379066158876,2.9203655967239626,1.0000001756382855
0.46071636156190166,0.0,0.0,0.0,1.2312282636565293,0.0,12.483461429762778,2.920565596723962,1.0000001591375636
0.4609258402380811,0.0,0.0,0.0,1.2304813488326871,0.0,12.48313139715163,2.920765596723962,1.0000002398964272
0.4611355132477243,0.0,0.0,0.0,1.229734070717214,0.0,12.482800560069302,2.9209655967239634,1.0000001797979383
0.4613453809799567,0.0,0.0,0.0,1.2289864285034273,0.0,12.482468914809852,2.9211655967239634,1.0000001832586658
0.4615554438252768,0.0,0.0,0.0,1.2282384213817803,0.0,12.482136457647131,2.9213655967239616,1.0000001931122688
0.46176570217555746,0.0,0.0,0.0,1.2274900485398614,0.0,12.481803184834746,2.9215655967239638,1.000000144931616
0.46197615642405143,0.0,0.0,0.0,1.2267413091623915,0.0,12.481469092605847,2.9217655967239624,1.0000002357486175
0.4621868069653938,0.0,0.0,0.0,1.2259922024312182,0.0,12.481134177173022,2.921965596723962,1.0000002409549553
0.4623976541956285,0.0,0.0,0.0,1.2252427275252424,0.0,12.48079843472813,2.9221655967239624,1.000000067719976
0.46260869851218295,0.0,0.0,0.0,1.2244928836205051,0.0,12.4804618614422,2.9223655967239623,1.0000002087540347
0.46281994031388957,0.0,0.0,0.0,1.22374266989013,0.0,12.480124453465248,2.9225655967239623,1.0000001748455662
0.46303138000100197,0.0,0.0,0.0,1.2229920855042773,0.0,12.479786206926129,2.9227655967239627,1.0000001991775949
0.46324301797518996,0.0,0.0,0.0,1.2222411296301687,0.0,12.479447117932402,2.9229655967239627,1.0000002000747956
0.4634548546395392,0.0,0.0,0.0,1.2214898014320976,0.0,12.479107182570203,2.9231655967239636,1.0000001417033715
0.4636668903985696,0.0,0.0,0.0,1.220738100071378,0.0,12.478766396904028,2.923365596723963,1.0000001787639108
0.4638791256582388,0.0,0.0,0.0,1.2199860247063405,0.0,12.478424756976684,2.9235655967239635,1.000000232055287
0.4640915608259469,0.0,0.0,0.0,1.219233574492329,0.0,12.478082258809016,2.923765596723963,1.0000001624423915
0.46430419631053393,0.0,0.0,0.0,1.218480748581713,0.0,12.47773889839988,2.9239655967239626,1.0000001330604866
0.46451703252231213,0.0,0.0,0.0,1.217727546123798,0.0,12.47739467172586,2.9241655967239626,1.0000000716656097
0.464730069873039,0.0,0.0,0.0,1.2169739662649155,0.0,12.477049574741235,2.9243655967239617,1.0000001263843277
0.46494330877594736,0.0,0.0,0.0,1.2162200081483374,0.0,12.476703603377723,2.924565596723962,1.0000001885621597
0.46515674964574755,0.0,0.0,0.0,1.21546567091428,0.0,12.47635675354435,2.924765596723962,1.000000193167628
0.4653703928986207,0.0,0.0,0.0,1.2147109536999294,0.0,12.476009021127348,2.924965596723963,1.0000001756256374
0.4655842389522418,0.0,0.0,0.0,1.2139558556393821,0.0,12.475660401989925,2.9251655967239625,1.0000001625415729
0.4657982882257825,0.0,0.0,0.0,1.2132003758636403,0.0,12.475310891972109,2.925365596723964,1.0000001923803403
0.4660125411399085,0.0,0.0,0.0,1.2124445135006323,0.0,12.474960486890637,2.9255655967239615,1.0000001821829838
0.466226998116798,0.0,0.0,0.0,1.2116882676751597,0.0,12.474609182538709,2.925765596723962,1.000000171717004
0.4664416595801431,0.0,0.0,0.0,1.2109316375089045,0.0,12.474256974685884,2.925965596723961,1.000000206415268
0.4666565259551479,0.0,0.0,0.0,1.2101746221204435,0.0,12.473903859077915,2.926165596723961,1.0000001344173974
0.46687159766855757,0.0,0.0,0.0,1.209417220625163,0.0,12.47354983143651,2.926365596723963,1.0000002565689772
0.4670868751486351,0.0,0.0,0.0,1.2086594321353459,0.0,12.473194887459263,2.926565596723961,1.0000002029469381
0.46730235882520577,0.0,0.0,0.0,1.2079012557600342,0.0,12.472839022819368,2.9267655967239614,1.000000112342349
0.46751804912961864,0.0,0.0,0.0,1.207142690605164,0.0,12.472482233165582,2.9269655967239627,1.000000190571447
0.46773394649479544,0.0,0.0,0.0,1.2063837357734197,0.0,12.472124514121878,2.927165596723963,1.0000002088493058
0.46795005135520673,0.0,0.0,0.0,1.205624390364316,0.0,12.471765861287425,2.9273655967239627,1.0000001606657813
0.4681663641469052,0.0,0.0,0.0,1.2048646534741054,0.0,12.471406270236363,2.9275655967239613,1.0000001176804167
0.4683828853075103,0.0,0.0,0.0,1.2041045241958321,0.0,12.471045736517551,2.9277655967239617,1.0000001130882665
0.4685996152762208,0.0,0.0,0.0,1.2033440016193053,0.0,12.470684255654476,2.9279655967239626,1.0000001413727708
0.46881655449383425,0.0,0.0,0.0,1.2025830848310453,0.0,12.470321823145051,2.928165596723962,1.0000001907017688
0.46903370340274175,0.0,0.0,0.0,1.2018217729143086,0.0,12.469958434461395,2.9283655967239612,1.0000001099536535
0.4692510624469341,0.0,0.0,0.0,1.20106006494908,0.0,12.469594085049676,2.9285655967239625,1.000000175131752
0.4694686320720189,0.0,0.0,0.0,1.2002979600120267,0.0,12.469228770329922,2.928765596723963,1.0000000000001315
0.4696864127252183,0.0,0.0,0.0,1.1995354571765158,0.0,12.46886248569582,2.9289655967239616,1.0000001906809077
0.4699044048553827,0.0,0.0,0.0,1.1987725555125792,0.0,12.468495226514571,2.929165596723963,1.0000001219873613
0.47012260891299334,0.0,0.0,0.0,1.1980092540869178,0.0,12.468126988126617,2.9293655967239616,1.0000001695024017
0.47034102535017597,0.0,0.0,0.0,1.1972455519628646,0.0,12.46775776584549,2.929565596723961,1.0000000000001685
0.47055965462069843,0.0,0.0,0.0,1.1964814482004054,0.0,12.467387554957655,2.9297655967239633,1.0000001115543302
0.4707784971799823,0.0,0.0,0.0,1.19571694185615,0.0,12.467016350722284,2.929965596723963,1.00000011996393
0.47099755348512456,0.0,0.0,0.0,1.1949520319832747,0.0,12.466644148371014,2.930165596723962,1.0000001725024938
0.47121682399487863,0.0,0.0,0.0,1.1941867176315901,0.0,12.466270943107796,2.930365596723961,1.000000130517112
0.4714363091696844,0.0,0.0,0.0,1.1934209978474604,0.0,12.4658967301087,2.9305655967239623,1.000000144912104
0.47165600947165803,0.0,0.0,0.0,1.1926548716738408,0.0,12.465521504521652,2.930765596723962,1.0000001436197663
0.4718759253646212,0.0,0.0,0.0,1.1918883381501997,0.0,12.465145261466317,2.930965596723962,1.0000001602033597
0.4720960573140828,0.0,0.0,0.0,1.1911213963125833,0.0,12.464767996033824,2.931165596723962,1.0000000000002458
0.47231640578726924,0.0,0.0,0.0,1.1903540451935317,0.0,12.464389703286585,2.9313655967239622,1.0000001444986097
0.4725369712531225,0.0,0.0,0.0,1.1895862838220979,0.0,12.464010378258084,2.9315655967239618,1.0000001196295576
0.47275775418230065,0.0,0.0,0.0,1.1888181112238496,0.0,12.463630015952635,2.9317655967239626,1.0000001913793084
0.4729787550472075,0.0,0.0,0.0,1.1880495264207955,0.0,12.463248611345213,2.9319655967239617,1.000000000000189
0.4731999743219721,0.0,0.0,0.0,1.1872805284314512,0.0,12.462866159381214,2.9321655967239613,1.000000171191405
0.47342141248247654,0.0,0.0,0.0,1.1865111162707696,0.0,12.462482654976236,2.93236559672396,1.0000001006937234
0.47364307000636685,0.0,0.0,0.0,1.1857412889501113,0.0,12.462098093015861,2.932565596723961,1.0000000683799015
0.4738649473730422,0.0,0.0,0.0,1.1849710454772946,0.0,12.461712468355474,2.932765596723963,1.0000000383308492
0.47408704506367155,0.0,0.0,0.0,1.1842003848565494,0.0,12.46132577581994,2.932965596723963,1.0000001559960958
0.47430936356121506,0.0,0.0,0.0,1.1834293060884644,0.0,12.46093801020349,2.9331655967239616,1.000000186842362
0.47453190335040923,0.0,0.0,0.0,1.1826578081700396,0.0,12.46054916626944,2.933365596723961,1.000000232533982
0.4747546649178005,0.0,0.0,0.0,1.1818858900945977,0.0,12.460159238749924,2.9335655967239616,1.000000207869461
0.4749776487517248,0.0,0.0,0.0,1.1811135508518549,0.0,12.459768222345758,2.9337655967239615,1.000000159641175
0.47520085534234097,0.0,0.0,0.0,1.180340789427828,0.0,12.45937611172614,2.9339655967239615,0.9999999999999997
0.4754242851816194,0.0,0.0,0.0,1.1795676048048818,0.0,12.458982901528438,2.934165596723962,1.0000001655894162
0.4756479387633743,0.0,0.0,0.0,1.1787939959616394,0.0,12.45858858635792,2.9343655967239624,1.0000001620258534
0.4758718165832425,0.0,0.0,0.0,1.1780199618730578,0.0,12.458193160787566,2.9345655967239606,1.0000001298592962
0.4760959191387188,0.0,0.0,0.0,1.1772455015103296,0.0,12.457796619357765,2.9347655967239605,1.0000002381017243
0.4763202469291468,0.0,0.0,0.0,1.1764706138409236,0.0,12.45739895657613,2.934965596723961,1.0000001510729932
0.4765448004557328,0.0,0.0,0.0,1.1756952978285522,0.0,12.457000166917256,2.9351655967239605,1.0000001308404929
0.4767695802215569,0.0,0.0,0.0,1.1749195524331462,0.0,12.45660024482244,2.935365596723961,1.0000001410213422
0.47699458673158573,0.0,0.0,0.0,1.1741433766108293,0.0,12.456199184699365,2.9355655967239622,1.000000159150698
0.47721982049266454,0.0,0.0,0.0,1.1733667693139533,0.0,12.455796980922003,2.9357655967239618,1.0000001679700763
0.47744528201354314,0.0,0.0,0.0,1.1725897294910275,0.0,12.45539362783028,2.9359655967239613,1.000000172499889
0.4776709718048764,0.0,0.0,0.0,1.1718122560867292,0.0,12.454989119729733,2.9361655967239617,1.0000002096879819
0.4778968903792358,0.0,0.0,0.0,1.171034348041882,0.0,12.45458345089145,2.9363655967239604,1.000000175769518
0.47812303825112024,0.0,0.0,0.0,1.1702560042934274,0.0,12.454176615551594,2.936565596723961,1.0000001412189627
0.4783494159369536,0.0,0.0,0.0,1.169477223774452,0.0,12.45376860791133,2.9367655967239625,1.0000001647171421
0.4785760239551102,0.0,0.0,0.0,1.1686980054141158,0.0,12.453359422136417,2.9369655967239607,1.0000001886606624
0.4788028628259196,0.0,0.0,0.0,1.1679183481376474,0.0,12.452949052356997,2.937165596723961,1.000000210814014
0.4790299330716619,0.0,0.0,0.0,1.1671382508663748,0.0,12.452537492667345,2.9373655967239616,1.0000000852994448
0.4792572352165916,0.0,0.0,0.0,1.1663577125176612,0.0,12.452124737125555,2.9375655967239616,1.0000001288299156
0.47948476978694016,0.0,0.0,0.0,1.1655767320049075,0.0,12.451710779753322,2.9377655967239615,1.0000001422431755
0.47971253731093455,0.0,0.0,0.0,1.1647953082375102,0.0,12.451295614535562,2.937965596723962,1.000000222522455
0.47994053831878875,0.0,0.0,0.0,1.1640134401208975,0.0,12.450879235420265,2.9381655967239606,1.0000001134887084
0.48016877334273383,0.0,0.0,0.0,1.1632311265564488,0.0,12.450461636318117,2.9383655967239606,1.000000129377372
0.48039724291700714,0.0,0.0,0.0,1.162448366441541,0.0,12.450042811102232,2.93856559672396,1.0000001187173604
0.48062594757788224,0.0,0.0,0.0,1.1616651586694662,0.0,12.449622753607892,2.9387655967239614,1.0000002159975034
0.48085488786366115,0.0,0.0,0.0,1.1608815021294725,0.0,12.449201457632237,2.938965596723961,1.0000001741163143
0.48108406431469186,0.0,0.0,0.0,1.1600973957067173,0.0,12.448778916933977,2.939165596723961,1.0000002183637535
0.4813134774733796,0.0,0.0,0.0,1.1593128382822482,0.0,12.448355125233084,2.939365596723962,1.0000000000003588
0.4815431278841878,0.0,0.0,0.0,1.1585278287330103,0.0,12.44793007621057,2.9395655967239627,1.0000001145163693
0.481773016093656,0.0,0.0,0.0,1.1577423659318065,0.0,12.44750376350803,2.939765596723961,1.0000000000002174
0.4820031426504113,0.0,0.0,0.0,1.1569564487472714,0.0,12.447076180727505,2.939965596723961,1.0000000974751755
0.48223350810517,0.0,0.0,0.0,1.1561700760438824,0.0,12.446647321431088,2.9401655967239613,1.0000001675999863
0.48246411301075237,0.0,0.0,0.0,1.155383246681925,0.0,12.446217179140609,2.9403655967239595,1.0000002211749817
0.4826949579220948,0.0,0.0,0.0,1.1545959595174669,0.0,12.445785747337368,2.9405655967239612,1.0000001668302574
0.48292604339625117,0.0,0.0,0.0,1.1538082134023717,0.0,12.445353019461784,2.9407655967239608,1.0000000980316837
0.4831573699924088,0.0,0.0,0.0,1.1530200071842571,0.0,12.444918988913159,2.9409655967239603,1.000000162116592
0.4833889382719025,0.0,0.0,0.0,1.1522313397064683,0.0,12.444483649049195,2.9411655967239607,1.0000000880431772
0.48362074879821654,0.0,0.0,0.0,1.1514422098080845,0.0,12.444046993185832,2.9413655967239603,1.0000001893175527
0.483852802137005,0.0,0.0,0.0,1.1506526163238688,0.0,12.443609014596847,2.9415655967239602,1.0000001363248099
0.4840850988560854,0.0,0.0,0.0,1.1498625580843014,0.0,12.443169706513558,2.94176559672396,1.000000144003501
0.4843176395254628,0.0,0.0,0.0,1.1490720339155198,0.0,12.442729062124448,2.9419655967239606,1.0000001426390401
0.4845504247173421,0.0,0.0,0.0,1.1482810426392933,0.0,12.442287074574864,2.942165596723961,1.000000095302817
0.4847834550061253,0.0,0.0,0.0,1.1474895830730458,0.0,12.441843736966696,2.9423655967239606,1.000000161037335
0.4850167309684353,0.0,0.0,0.0,1.146697654029796,0.0,12.441399042357977,2.9425655967239606,1.000000099931683
0.485250253183117,0.0,0.0,0.0,1.1459052543181674,0.0,12.440952983762587,2.9427655967239614,1.0000000542595309
0.48548402223125436,0.0,0.0,0.0,1.1451123827423508,0.0,12.440505554149928,2.9429655967239605,1.0000000834945006
0.48571803869617086,0.0,0.0,0.0,1.1443190381021158,0.0,12.440056746444517,2.9431655967239605,1.000000029926767
0.4859523031634575,0.0,0.0,0.0,1.14352521919274,0.0,12.439606553525623,2.94336559672396,1.0000000894230696
0.48618681622096754,0.0,0.0,0.0,1.1427309248050364,0.0,12.439154968227026,2.9435655967239613,1.0000001871718422
0.4864215784588359,0.0,0.0,0.0,1.141936153725313,0.0,12.438701983336497,2.9437655967239595,1.00000011731147
0.48665659046948134,0.0,0.0,0.0,1.1411409047353736,0.0,12.438247591595559,2.94396559672396,1.0000001730268455
0.4868918528476336,0.0,0.0,0.0,1.1403451766124562,0.0,12.437791785699082,2.9441655967239604,1.0000001512654348
0.487127366190324,0.0,0.0,0.0,1.1395489681292708,0.0,12.437334558294884,2.9443655967239613,1.00000020986437
0.487363131096912,0.0,0.0,0.0,1.1387522780539352,0.0,12.436875901983386,2.944565596723961,1.0000000993049174
0.48759914816908634,0.0,0.0,0.0,1.1379551051499848,0.0,12.43641580931727,2.9447655967239603,1.0000001551310034
0.4878354180108919,0.0,0.0,0.0,1.1371574481763052,0.0,12.435954272801004,2.9449655967239594,1.0000000000000575
0.4880719412287119,0.0,0.0,0.0,1.1363593058872021,0.0,12.435491284890567,2.94516559672396,1.0000001435739718
0.4883087184313128,0.0,0.0,0.0,1.1355606770322777,0.0,12.435026837992993,2.9453655967239603,1.0000001935773897
0.4885457502298354,0.0,0.0,0.0,1.1347615603564751,0.0,12.43456092446598,2.94556559672396,1.0000001481346998
0.48878303723780175,0.0,0.0,0.0,1.1339619546000672,0.0,12.434093536617558,2.94576559672396,1.0000001583093243
0.48902058007114846,0.0,0.0,0.0,1.1331618584985768,0.0,12.433624666705617,2.94596559672396,1.000000000000234
0.48925837934821714,0.0,0.0,0.0,1.1323612707828143,0.0,12.43315430693755,2.94616559672396,1.000000186790704
0.48949643568977597,0.0,0.0,0.0,1.1315601901788321,0.0,12.43268244946982,2.946365596723961,1.000000107433769
0.48973474971902636,0.0,0.0,0.0,1.1307586154079172,0.0,12.4322090864076,2.9465655967239592,1.000000000000244
0.48997332206162353,0.0,0.0,0.0,1.1299565451865425,0.0,12.431734209804313,2.9467655967239597,1.0000001702145784
0.4902121533456815,0.0,0.0,0.0,1.129153978226371,0.0,12.43125781166121,2.9469655967239596,1.0000002098934002
0.49045124420177916,0.0,0.0,0.0,1.1283509132342489,0.0,12.430779883926988,2.9471655967239605,1.0000000911253566
0.4906905952629839,0.0,0.0,0.0,1.127547348912152,0.0,12.430300418497369,2.94736559672396,1.0000001689323939
0.49093020716485886,0.0,0.0,0.0,1.1267432839571774,0.0,12.429819407214605,2.94756559672396,1.000000146628433
0.49117008054546846,0.0,0.0,0.0,1.1259387170615438,0.0,12.429336841867144,2.9477655967239595,1.0000001647238883
0.4914102160454074,0.0,0.0,0.0,1.1251336469125184,0.0,12.428852714189071,2.94796559672396,1.0000001611265457
0.4916506143077863,0.0,0.0,0.0,1.1243280721924773,0.0,12.428367015859822,2.9481655967239595,1.0000001663572031
0.4918912759782746,0.0,0.0,0.0,1.12352199157879,0.0,12.427879738503597,2.94836559672396,1.000000170227932
0.4921322017050878,0.0,0.0,0.0,1.122715403743876,0.0,12.427390873688992,2.9485655967239603,1.0000001616562482
0.4923733921390152,0.0,0.0,0.0,1.1219083073551355,0.0,12.426900412928504,2.9487655967239603,1.0000000782751186
0.4926148479334188,0.0,0.0,0.0,1.121100701074969,0.0,12.42640834767813,2.94896559672396,1.000000114211012
0.49285656974425707,0.0,0.0,0.0,1.1202925835607225,0.0,12.425914669336839,2.9491655967239594,1.0000001380163637
0.49309855823010224,0.0,0.0,0.0,1.1194839534646508,0.0,12.42541936924614,2.9493655967239594,1.0000001768709057
0.49334081405213487,0.0,0.0,0.0,1.1186748094339511,0.0,12.424922438689608,2.9495655967239602,1.0000001655021726
0.4935833378741636,0.0,0.0,0.0,1.1178651501107209,0.0,12.424423868892443,2.9497655967239593,1.0000000000002862
0.4938261303626491,0.0,0.0,0.0,1.1170549741318985,0.0,12.423923651020914,2.9499655967239593,1.0000000642196458
0.49406919218670103,0.0,0.0,0.0,1.116244280129293,0.0,12.423421776181938,2.9501655967239597,1.0000001152501827
0.49431252401810555,0.0,0.0,0.0,1.1154330667295183,0.0,12.42291823542257,2.9503655967239593,1.0000001572007224
0.49455612653132425,0.0,0.0,0.0,1.1146213325540084,0.0,12.422413019729497,2.9505655967239592,1.0000000000001092
0.49480000040350774,0.0,0.0,0.0,1.1138090762189994,0.0,12.421906120028595,2.9507655967239597,1.0000000000003295
0.4950441463145264,0.0,0.0,0.0,1.1129962963354505,0.0,12.421397527184354,2.950965596723961,1.000000134361528
0.49528856494696594,0.0,0.0,0.0,1.1121829915090773,0.0,12.42088723199941,2.9511655967239596,1.0000000000001201
0.4955332569861432,0.0,0.0,0.0,1.1113691603403155,0.0,12.420375225214048,2.9513655967239605,1.0000001117880664
0.4957782231201286,0.0,0.0,0.0,1.1105548014242808,0.0,12.41986149750561,2.9515655967239596,1.0000001276607728
0.49602346403974334,0.0,0.0,0.0,1.1097399133507846,0.0,12.419346039488092,2.951765596723959,1.0000001576701472
0.49626898043859224,0.0,0.0,0.0,1.10892449470426,0.0,12.418828841711532,2.9519655967239595,1.0000000677077239
0.49651477301306357,0.0,0.0,0.0,1.1081085440637768,0.0,12.41830989466144,2.95216559672396,1.0000000000001212
0.4967608424623447,0.0,0.0,0.0,1.107292060003014,0.0,12.417789188758436,2.9523655967239586,1.0000000000002964
0.4970071894884333,0.0,0.0,0.0,1.1064750410902415,0.0,12.417266714357465,2.95256559672396,1.000000077200908
0.49725381479616676,0.0,0.0,0.0,1.1056574858882537,0.0,12.416742461747477,2.95276559672396,1.000000150290005
0.49750071909320864,0.0,0.0,0.0,1.104839392954425,0.0,12.416216421150711,2.9529655967239594,1.0000001446113813
0.4977479030900922,0.0,0.0,0.0,1.1040207608405987,0.0,12.41568858272221,2.9531655967239594,1.0000001046411924
0.4979953675002072,0.0,0.0,0.0,1.1032015880931454,0.0,12.415158936549254,2.95336559672396,1.0000000000001854
0.49824311303983454,0.0,0.0,0.0,1.1023818732528774,0.0,12.414627472650777,2.9535655967239585,1.0000000000002114
0.49849114042814735,0.0,0.0,0.0,1.1015616148550629,0.0,12.414094180976829,2.9537655967239598,1.000000067289156
0.49873945038723494,0.0,0.0,0.0,1.100740811429375,0.0,12.413559051407903,2.9539655967239584,1.0000001599967427
0.49898804364210597,0.0,0.0,0.0,1.0999194614998993,0.0,12.413022073754455,2.954165596723959,1.0000001490552712
0.49923692092070976,0.0,0.0,0.0,1.0990975635850901,0.0,12.412483237756241,2.9543655967239593,1.0000001045437712
0.49948608295395086,0.0,0.0,0.0,1.0982751161977453,0.0,12.411942533081818,2.954565596723959,1.0000000461011558
0.499735530475699,0.0,0.0,0.0,1.097452117844996,0.0,12.411399949327768,2.9547655967239583,1.000000070468388
0.4999852642228104,0.0,0.0,0.0,1.0966285670282612,0.0,12.410855476018256,2.95496559672396,1.0000001050509018
0.5002352849351233,0.0,0.0,0.0,1.0958044622432828,0.0,12.410309102604357,2.955165596723959,1.0000000793648296
0.5004855933555103,0.0,0.0,0.0,1.094979801979985,0.0,12.409760818463372,2.9553655967239596,1.000000094791883
0.5007361902298526,0.0,0.0,0.0,1.0941545847225758,0.0,12.409210612898315,2.9555655967239587,1.0000001797264297
0.5009870763070731,0.0,0.0,0.0,1.0933288089494628,0.0,12.408658475137202,2.9557655967239587,1.0000001553704791
0.5012382523391554,0.0,0.0,0.0,1.0925024731332191,0.0,12.40810439433242,2.9559655967239586,1.000000000000237
0.501489719081148,0.0,0.0,0.0,1.0916755757405912,0.0,12.407548359560112,2.9561655967239586,1.0000001894105994
0.5017414772911908,0.0,0.0,0.0,1.090848115232439,0.0,12.406990359819495,2.956365596723959,1.0000000000001628
0.5019935277305114,0.0,0.0,0.0,1.0900200900637658,0.0,12.406430384032218,2.956565596723959,1.0000000000001417
0.5022458711634564,0.0,0.0,0.0,1.0891914986836473,0.0,12.405868421041712,2.956765596723959,1.000000076035743
0.5024985083575131,0.0,0.0,0.0,1.0883623395351885,0.0,12.40530445961246,2.9569655967239594,1.000000000000145
0.5027514400832971,0.0,0.0,0.0,1.0875326110555763,0.0,12.40473848842937,2.957165596723959,1.0000000748363893
0.5030046671145967,0.0,0.0,0.0,1.0867023116759733,0.0,12.4041704960971,2.9573655967239594,1.0000001639049172
0.5032581902283634,0.0,0.0,0.0,1.085871439821564,0.0,12.40360047113933,2.957565596723959,1.0000000893381307
0.5035120102047508,0.0,0.0,0.0,1.0850399939114606,0.0,12.40302840199806,2.9577655967239584,1.0000002150766474
0.5037661278271087,0.0,0.0,0.0,1.0842079723587414,0.0,12.402454277032962,2.957965596723959,1.000000165305658
0.5040205438820129,0.0,0.0,0.0,1.0833753735703837,0.0,12.401878084520586,2.9581655967239593,1.0000002528918275
0.5042752591592787,0.0,0.0,0.0,1.0825421959472459,0.0,12.401299812653704,2.958365596723958,1.0000001336164042
0.5045302744519718,0.0,0.0,0.0,1.081708437884054,0.0,12.400719449540581,2.9585655967239584,1.0000000000002116
0.50478559055642,0.0,0.0,0.0,1.0808740977693907,0.0,12.400136983204167,2.9587655967239597,1.0000000000002984
0.5050412082722452,0.0,0.0,0.0,1.0800391739856217,0.0,12.399552401581484,2.958965596723959,1.0000001758460297
0.5052971284023652,0.0,0.0,0.0,1.079203664908911,0.0,12.39896569252273,2.9591655967239587,1.0000001212045766
0.5055533517530086,0.0,0.0,0.0,1.0783675689091992,0.0,12.398376843790652,2.9593655967239583,1.000000136274081
0.5058098791337478,0.0,0.0,0.0,1.077530884350129,0.0,12.397785843059696,2.9595655967239587,1.0000000754703695
0.5060667113574866,0.0,0.0,0.0,1.0766936095891022,0.0,12.39719267791527,2.959765596723959,1.0000000000002023
0.5063238492405061,0.0,0.0,0.0,1.0758557429771671,0.0,12.396597335852999,2.959965596723958,1.000000173160065
0.5065812936024657,0.0,0.0,0.0,1.075017282859038,0.0,12.39599980427783,2.9601655967239586,1.0000000560242677
0.5068390452664158,0.0,0.0,0.0,1.0741782275730798,0.0,12.395400070503376,2.9603655967239595,1.0000001800864604
0.5070971050588219,0.0,0.0,0.0,1.0733385754512599,0.0,12.394798121750982,2.960565596723958,1.000000000000263
0.5073554738095762,0.0,0.0,0.0,1.0724983248191347,0.0,12.394193945149071,2.9607655967239577,1.0000002174220766
0.5076141523520282,0.0,0.0,0.0,1.0716574739957865,0.0,12.393587527732105,2.960965596723959,1.0000000612432332
0.5078731415229786,0.0,0.0,0.0,1.0708160212938609,0.0,12.392978856439978,2.961165596723958,1.000000000000225
0.5081324421627034,0.0,0.0,0.0,1.0699739650195177,0.0,12.392367918117076,2.9613655967239594,1.0000001583420253
0.5083920551149832,0.0,0.0,0.0,1.0691313034723742,0.0,12.391754699511388,2.961565596723959,1.0000001383433943
0.5086519812271122,0.0,0.0,0.0,1.0682880349454948,0.0,12.391139187273765,2.961765596723958,1.0000001367960565
0.5089122213499061,0.0,0.0,0.0,1.0674441577253952,0.0,12.390521367956946,2.9619655967239584,1.000000000000161
0.5091727763377268,0.0,0.0,0.0,1.0665996700919929,0.0,12.389901228014804,2.962165596723959,1.0000000155328204
0.5094336470485048,0.0,0.0,0.0,1.0657545703185656,0.0,12.389278753801365,2.9623655967239584,1.000000194190079
0.5096948343437517,0.0,0.0,0.0,1.0649088566717362,0.0,12.388653931569953,2.962565596723958,1.0000001105647396
0.5099563390885662,0.0,0.0,0.0,1.0640625274114814,0.0,12.388026747472328,2.9627655967239583,1.0000002065420033
0.510218162151667,0.0,0.0,0.0,1.0632155807910595,0.0,12.387397187557738,2.9629655967239588,1.000000181848748
0.51048030440541,0.0,0.0,0.0,1.062368015056983,0.0,12.386765237772021,2.9631655967239583,1.0000001038593145
0.5107427667257965,0.0,0.0,0.0,1.0615198284490188,0.0,12.386130883956673,2.9633655967239587,1.0000001802729614
0.5110055499924842,0.0,0.0,0.0,1.0606710192001834,0.0,12.385494111847903,2.9635655967239587,1.000000105210449
0.5112686550888231,0.0,0.0,0.0,1.0598215855366573,0.0,12.38485490707573,2.963765596723958,1.0000002389588318
0.5115320829018715,0.0,0.0,0.0,1.058971525677769,0.0,12.384213255162983,2.963965596723958,1.0000001887089942
0.5117958343223892,0.0,0.0,0.0,1.0581208378360358,0.0,12.383569141524369,2.9641655967239586,1.0000001679924515
0.5120599102448904,0.0,0.0,0.0,1.0572695202170368,0.0,12.382922551465475,2.964365596723958,1.000000000000288
0.512324311567624,0.0,0.0,0.0,1.056417571019493,0.0,12.382273470181811,2.9645655967239577,1.0000000000000715
0.5125890391926273,0.0,0.0,0.0,1.055564988435139,0.0,12.381621882757795,2.9647655967239572,1.0000001873927988
0.5128540940257243,0.0,0.0,0.0,1.0547117706487517,0.0,12.380967774165727,2.9649655967239577,1.000000000000294
0.5131194769765343,0.0,0.0,0.0,1.0538579158381505,0.0,12.380311129264868,2.965165596723959,1.0000000000003253
0.5133851889585169,0.0,0.0,0.0,1.0530034221740943,0.0,12.379651932800309,2.9653655967239585,1.0000000857103912
0.5136512308889666,0.0,0.0,0.0,1.0521482878203217,0.0,12.378990169402002,2.965565596723958,1.000000193899375
0.5139176036890438,0.0,0.0,0.0,1.0512925109334863,0.0,12.37832582358365,2.9657655967239576,1.0000001672846555
0.5141843082837878,0.0,0.0,0.0,1.050436089663146,0.0,12.377658879741734,2.965965596723958,1.0000001825093934
0.5144513456021372,0.0,0.0,0.0,1.049579022151731,0.0,12.376989322154367,2.9661655967239575,1.0000000000000888
0.5147187165769376,0.0,0.0,0.0,1.0487213065345462,0.0,12.376317134980315,2.966365596723958,1.0000000000002716
0.5149864221449786,0.0,0.0,0.0,1.0478629409396913,0.0,12.375642302257777,2.9665655967239584,1.0000001004741115
0.5152544632470061,0.0,0.0,0.0,1.0470039234880542,0.0,12.37496480790338,2.966765596723958,1.0000000000002467
0.5155228408277205,0.0,0.0,0.0,1.0461442522933382,0.0,12.374284635711032,2.9669655967239574,1.0000001899234308
0.5157915558358374,0.0,0.0,0.0,1.0452839254619177,0.0,12.37360176935077,2.967165596723958,1.0000000105833324
0.5160606092240565,0.0,0.0,0.0,1.0444229410929546,0.0,12.37291619236772,2.9673655967239574,1.0000001454311627
0.516330001949116,0.0,0.0,0.0,1.0435612972782669,0.0,12.372227888180845,2.9675655967239574,1.000000189259008
0.5165997349718037,0.0,0.0,0.0,1.042698992102326,0.0,12.37153684008181,2.9677655967239582,1.0000001571736248
0.5168698092569601,0.0,0.0,0.0,1.0418360236422737,0.0,12.370843031233886,2.9679655967239578,1.000000173612056
0.5171402257735245,0.0,0.0,0.0,1.04097238996782,0.0,12.370146444670631,2.9681655967239573,1.0000000260313793
0.517410985494522,0.0,0.0,0.0,1.040108089141303,0.0,12.369447063294789,2.9683655967239577,1.0000001404298398
0.517682089397112,0.0,0.0,0.0,1.0392431192175855,0.0,12.368744869877112,2.9685655967239573,1.0000001001342278
0.5179535384625861,0.0,0.0,0.0,1.0383774782440813,0.0,12.368039847054998,2.9687655967239572,1.0000000000001976
0.5182253336763978,0.0,0.0,0.0,1.0375111642607031,0.0,12.367331977331396,2.968965596723957,1.000000117735946
0.5184974760281765,0.0,0.0,0.0,1.0366441752998494,0.0,12.36662124307352,2.9691655967239576,1.0000001057391443
0.5187699665117534,0.0,0.0,0.0,1.0357765093863593,0.0,12.365907626511518,2.969365596723957,1.0000000659772907
0.5190428061251713,0.0,0.0,0.0,1.0349081645375129,0.0,12.365191109737319,2.9695655967239585,1.0000002659781182
0.5193159958707189,0.0,0.0,0.0,1.0340391387629615,0.0,12.364471674703173,2.9697655967239576,1.0000001435000818
0.5195895367549195,0.0,0.0,0.0,1.0331694300647898,0.0,12.363749303220587,2.9699655967239575,1.0000001470238689
0.5198634297885885,0.0,0.0,0.0,1.0322990364373812,0.0,12.363023976958804,2.970165596723958,1.0000001279404653
0.5201376759868304,0.0,0.0,0.0,1.031427955867455,0.0,12.362295677443536,2.9703655967239575,1.0000000666574889
0.5204122763690571,0.0,0.0,0.0,1.0305561863340442,0.0,12.36156438605569,2.970565596723958,1.0000002055555512
0.5206872319590221,0.0,0.0,0.0,1.0296837258084277,0.0,12.360830084029876,2.9707655967239575,1.000000155632127
0.5209625437848223,0.0,0.0,0.0,1.0288105722541547,0.0,12.360092752453195,2.9709655967239574,1.0000001616011274
0.5212382128789289,0.0,0.0,0.0,1.0279367236269867,0.0,12.359352372263702,2.971165596723958,1.000000099102535
0.5215142402782063,0.0,0.0,0.0,1.0270621778748754,0.0,12.358608924249136,2.971365596723957,1.0000000802044577
0.5217906270239205,0.0,0.0,0.0,1.0261869329379663,0.0,12.357862389045415,2.9715655967239565,1.0000000478181352
0.5220673741617844,0.0,0.0,0.0,1.0253109867485033,0.0,12.357112747135206,2.9717655967239573,1.0000000000002618
0.5223444827419453,0.0,0.0,0.0,1.0244343372308946,0.0,12.356359978846537,2.9719655967239573,1.0000000000002551
0.522621953819021,0.0,0.0,0.0,1.0235569823016397,0.0,12.35560406435131,2.9721655967239573,1.0000000791908408
0.5228997884521348,0.0,0.0,0.0,1.0226789198692616,0.0,12.354844983663778,2.9723655967239573,1.0000000000002396
0.5231779877048923,0.0,0.0,0.0,1.0218001478344056,0.0,12.354082716639144,2.972565596723957,1.0000000000001001
0.5234565526454491,0.0,0.0,0.0,1.020920664089675,0.0,12.35331724297194,2.9727655967239563,1.0000000000000735
0.5237354843465033,0.0,0.0,0.0,1.0200404665196887,0.0,12.35254854219464,2.9729655967239577,1.0000000000002798
0.5240147838853183,0.0,0.0,0.0,1.019159553001046,0.0,12.351776593675938,2.973165596723957,1.000000000000217
0.5242944523437497,0.0,0.0,0.0,1.0182779214022817,0.0,12.351001376619392,2.973365596723957,1.0000000000001854
0.5245744908082565,0.0,0.0,0.0,1.0173955695838681,0.0,12.350222870061696,2.9735655967239563,1.0000000813596825
0.5248549003699272,0.0,0.0,0.0,1.0165124953981726,0.0,12.349441052871132,2.9737655967239567,1.0000000000001619
0.525135682124502,0.0,0.0,0.0,1.0156286966894292,0.0,12.348655903746025,2.973965596723956,1.0000002055970592
0.5254168371723885,0.0,0.0,0.0,1.0147441712937237,0.0,12.34786740121301,2.974165596723957,1.0000002056699906
0.5256983666186731,0.0,0.0,0.0,1.0138589170389984,0.0,12.347075523625461,2.974365596723958,1.000000251555383
0.5259802715731617,0.0,0.0,0.0,1.0129729317449678,0.0,12.346280249161856,2.9745655967239575,1.000000116058271
0.5262625531503796,0.0,0.0,0.0,1.0120862132231523,0.0,12.345481555823966,2.9747655967239566,1.000000000000035
0.5265452124696031,0.0,0.0,0.0,1.0111987592768232,0.0,12.344679421435334,2.9749655967239566,1.000000000000274
0.5268282506548749,0.0,0.0,0.0,1.0103105677009931,0.0,12.343873823639418,2.975165596723956,1.0000000596459129
0.527111668835028,0.0,0.0,0.0,1.0094216362823825,0.0,12.343064739897928,2.9753655967239574,1.000000135306019
0.5273954681436962,0.0,0.0,0.0,1.0085319627994245,0.0,12.342252147489052,2.9755655967239574,1.000000171729287
0.5276796497193534,0.0,0.0,0.0,1.0076415450221874,0.0,12.341436023505706,2.9757655967239574,1.000000000000328
0.5279642147053061,0.0,0.0,0.0,1.0067503807124318,0.0,12.340616344853725,2.975965596723957,1.0000001867867678
0.5282491642497386,0.0,0.0,0.0,1.0058584676235165,0.0,12.339793088250016,2.976165596723957,1.000000000000012
0.5285344995057129,0.0,0.0,0.0,1.0049658035004354,0.0,12.338966230220839,2.976365596723957,1.0000001486707626
0.5288202216312109,0.0,0.0,0.0,1.0040723860797334,0.0,12.33813574709984,2.9765655967239573,1.0000001650861257
0.5291063317891397,0.0,0.0,0.0,1.0031782130895266,0.0,12.337301615026163,2.9767655967239577,1.000000000000277
0.5293928311473393,0.0,0.0,0.0,1.0022832822495165,0.0,12.336463809942813,2.9769655967239563,1.0000000000001152
0.5296797208786267,0.0,0.0,0.0,1.0013875912709007,0.0,12.335622307594376,2.977165596723956,1.0000000000000526
0.5299670021608138,0.0,0.0,0.0,1.0004911378563612,0.0,12.334777083525358,2.977365596723957,1.0000000454451443
0.5302546761767098,0.0,0.0,0.0,0.9995939197000921,0.0,12.333928113078136,2.9775655967239567,1.0000000000002
0.5305427441141474,0.0,0.0,0.0,0.998695934487763,0.0,12.333075371390985,2.9777655967239562,1.0000000000003455
0.5308312071660112,0.0,0.0,0.0,0.997797179896474,0.0,12.332218833396102,2.9779655967239567,1.0000001263484097
0.5311200665302529,0.0,0.0,0.0,0.9968976535947538,0.0,12.331358473817568,2.978165596723957,1.000000000000232
0.5314093234099057,0.0,0.0,0.0,0.9959973532425539,0.0,12.330494267169362,2.9783655967239566,1.0000000805244662
0.5316989790131157,0.0,0.0,0.0,0.9950962764911975,0.0,12.329626187753224,2.9785655967239557,1.0000000000001608
0.5319890345531428,0.0,0.0,0.0,0.994194420983415,0.0,12.328754209656626,2.9787655967239566,1.0000002111252808
0.5322794912484036,0.0,0.0,0.0,0.9932917843532644,0.0,12.327878306750634,2.978965596723956,1.0000000837966159
0.5325703503224672,0.0,0.0,0.0,0.9923883642261747,0.0,12.32699845268784,2.9791655967239565,1.0000001767373827
0.5328616130040972,0.0,0.0,0.0,0.9914841582188736,0.0,12.326114620900137,2.979365596723956,1.0000001619918837
0.5331532805272454,0.0,0.0,0.0,0.9905791639394371,0.0,12.325226784596595,2.9795655967239565,1.0000001485585253
0.5334453541311095,0.0,0.0,0.0,0.9896733789871732,0.0,12.324334916761204,2.979765596723956,1.0000000000001423
0.5337378350601056,0.0,0.0,0.0,0.988766800952731,0.0,12.32343899015073,2.9799655967239564,1.0000002338096465
0.5340307245639206,0.0,0.0,0.0,0.9878594274179984,0.0,12.322538977292412,2.980165596723957,1.0000000390099708
0.5343240238975211,0.0,0.0,0.0,0.9869512559561139,0.0,12.321634850481708,2.980365596723957,1.0000001236378846
0.5346177343211732,0.0,0.0,0.0,0.9860422841314513,0.0,12.320726581779988,2.980565596723957,1.0000000959267423
0.5349118571004553,0.0,0.0,0.0,0.9851325094996245,0.0,12.319814143012252,2.9807655967239572,1.0000001841444206
0.5352063935062903,0.0,0.0,0.0,0.9842219296074364,0.0,12.318897505764706,2.980965596723957,1.0000001348697674
0.535501344814952,0.0,0.0,0.0,0.9833105419929014,0.0,12.317976641382451,2.981165596723956,1.0000000000001599
0.5357967123080879,0.0,0.0,0.0,0.9823983441852228,0.0,12.317051520967103,2.9813655967239567,1.0000000000002103
0.5360924972727402,0.0,0.0,0.0,0.9814853337047746,0.0,12.316122115374284,2.9815655967239554,1.0000001004810786
0.5363887010013573,0.0,0.0,0.0,0.9805715080631094,0.0,12.31518839521126,2.9817655967239567,1.0000000000002123
0.5366853247918242,0.0,0.0,0.0,0.9796568647629178,0.0,12.31425033083438,2.981965596723956,1.0000001416852669
0.5369823699474727,0.0,0.0,0.0,0.9787414012980359,0.0,12.313307892346657,2.9821655967239558,1.0000001005378962
0.537279837777096,0.0,0.0,0.0,0.9778251151534517,0.0,12.312361049595143,2.9823655967239566,1.0000001585410931
0.537577729594968,0.0,0.0,0.0,0.9769080038052896,0.0,12.311409772168462,2.9825655967239566,1.0000000000001068
0.5378760467208689,0.0,0.0,0.0,0.9759900647207826,0.0,12.31045402939416,2.9827655967239566,1.0000000000001086
0.5381747904800972,0.0,0.0,0.0,0.9750712953582804,0.0,12.309493790336097,2.982965596723956,1.000000000000137
0.5384739622034918,0.0,0.0,0.0,0.9741516931672313,0.0,12.308529023791806,2.983165596723956,1.0000000000000608
0.5387735632274381,0.0,0.0,0.0,0.9732312555882063,0.0,12.30755969828981,2.9833655967239565,1.0000000000001088
0.5390735948938994,0.0,0.0,0.0,0.9723099800528574,0.0,12.306585782086945,2.983565596723956,1.0000000000002476
0.5393740585504201,0.0,0.0,0.0,0.9713878639839485,0.0,12.305607243165587,2.9837655967239556,1.0000001134258372
0.5396749555501555,0.0,0.0,0.0,0.9704649047953184,0.0,12.304624049230913,2.983965596723956,1.0000001832833354
0.5399762872518851,0.0,0.0,0.0,0.969541099891887,0.0,12.30363616770811,2.984165596723957,1.00000011792996
0.5402780550200131,0.0,0.0,0.0,0.9686164466696967,0.0,12.302643565739556,2.9843655967239564,1.0000000617893283
0.5405802602246143,0.0,0.0,0.0,0.967690942515831,0.0,12.301646210181888,2.9845655967239564,1.0000001600100623
0.5408829042414233,0.0,0.0,0.0,0.9667645848084852,0.0,12.300644067603242,2.9847655967239564,1.000000096291017
0.5411859884518663,0.0,0.0,0.0,0.9658373709169278,0.0,12.29963710428022,2.984965596723956,1.000000127965844
0.541489514243073,0.0,0.0,0.0,0.9649092982015077,0.0,12.298625286195,2.9851655967239554,1.0000000000000997
0.5417934830078838,0.0,0.0,0.0,0.9639803640136815,0.0,12.297608579032351,2.985365596723956,1.0000000000001947
0.5420978961448785,0.0,0.0,0.0,0.9630505656959788,0.0,12.2965869481766,2.985565596723956,1.0000000000000588
0.542402755058383,0.0,0.0,0.0,0.9621199005820285,0.0,12.295560358708535,2.985765596723956,1.000000155946179
0.5427080611584864,0.0,0.0,0.0,0.9611883659965578,0.0,12.294528775402432,2.985965596723956,1.0000000000001845
0.5430138158610519,0.0,0.0,0.0,0.9602559592554079,0.0,12.293492162722885,2.9861655967239553,1.0000002280195515
0.5433200205877402,0.0,0.0,0.0,0.959322677665514,0.0,12.292450484821561,2.9863655967239557,1.0000001498473534
0.5436266767660118,0.0,0.0,0.0,0.9583885185249472,0.0,12.291403705534194,2.986565596723956,1.0000000920947472
0.5439337858291491,0.0,0.0,0.0,0.9574534791228997,0.0,12.290351788377246,2.986765596723956,1.0000000000000135
0.5442413492162659,0.0,0.0,0.0,0.9565175567397036,0.0,12.289294696544639,2.9869655967239552,1.0000000000001834
0.5445493683723243,0.0,0.0,0.0,0.9555807486468318,0.0,12.288232392904543,2.987165596723955,1.000000000000234
0.5448578447481406,0.0,0.0,0.0,0.9546430521069305,0.0,12.287164839995972,2.9873655967239556,1.0000001712842743
0.5451667798004058,0.0,0.0,0.0,0.9537044643738091,0.0,12.28609200002549,2.9875655967239547,1.0000000000001286
0.545476174991695,0.0,0.0,0.0,0.9527649826924606,0.0,12.285013834863753,2.9877655967239556,1.0000000000000926
0.5457860317904731,0.0,0.0,0.0,0.9518246042990958,0.0,12.283930306042102,2.9879655967239556,1.00000017813151
0.5460963516711179,0.0,0.0,0.0,0.9508833264211268,0.0,12.282841374749038,2.9881655967239555,1.0000001956821696
0.546407136113921,0.0,0.0,0.0,0.9499411462772129,0.0,12.281747001826803,2.9883655967239555,1.000000000000068
0.5467183866051044,0.0,0.0,0.0,0.9489980610772626,0.0,12.280647147767745,2.988565596723955,1.0000000000002534
0.5470301046368293,0.0,0.0,0.0,0.9480540680224593,0.0,12.279541772710754,2.988765596723955,1.0000000000001439
0.5473422917072037,0.0,0.0,0.0,0.9471091643052894,0.0,12.278430836437623,2.988965596723956,1.0000000000002491
0.5476549493202933,0.0,0.0,0.0,0.9461633471095601,0.0,12.277314298369438,2.9891655967239554,1.0000000907228883
0.5479680789861451,0.0,0.0,0.0,0.9452166136103859,0.0,12.276192117562722,2.9893655967239563,1.0000000000001148
0.5482816822207626,0.0,0.0,0.0,0.9442689609743041,0.0,12.275064252705896,2.9895655967239554,1.0000000886667628
0.5485957605461499,0.0,0.0,0.0,0.9433203863592048,0.0,12.273930662115262,2.9897655967239554,1.0000001346985186
0.5489103154903009,0.0,0.0,0.0,0.9423708869144111,0.0,12.27279130373135,2.989965596723955,1.0000001261938243
0.5492253485872017,0.0,0.0,0.0,0.9414204597807201,0.0,12.271646135114988,2.9901655967239558,1.0000000000001148
0.5495408613768625,0.0,0.0,0.0,0.9404691020903699,0.0,12.27049511344331,2.9903655967239557,1.0000000000001783
0.549856855405297,0.0,0.0,0.0,0.9395168109671433,0.0,12.269338195505906,2.9905655967239566,1.0000000000000324
0.5501733322245365,0.0,0.0,0.0,0.938563583526382,0.0,12.268175337700773,2.9907655967239553,1.0000000000001958
0.5504902933926482,0.0,0.0,0.0,0.9376094168749839,0.0,12.26700649603028,2.9909655967239552,1.0000000000000495
0.5508077404737286,0.0,0.0,0.0,0.9366543081114781,0.0,12.265831626097059,2.9911655967239557,1.0000001781437022
0.5511256750379034,0.0,0.0,0.0,0.935698254326073,0.0,12.26465068309987,2.9913655967239547,1.0000000612190334
0.5514440986613454,0.0,0.0,0.0,0.9347412526006581,0.0,12.263463621829468,2.9915655967239556,1.0000000000000768
0.5517630129262675,0.0,0.0,0.0,0.9337833000088777,0.0,12.262270396664388,2.9917655967239556,1.0000001039569177
0.5520824194209328,0.0,0.0,0.0,0.9328243936161537,0.0,12.261070961566562,2.9919655967239547,1.0000001706615227
0.55240231973965,0.0,0.0,0.0,0.9318645304797496,0.0,12.259865270077116,2.992165596723955,1.0000000000001628
0.5527227154827772,0.0,0.0,0.0,0.9309037076488154,0.0,12.258653275312057,2.9923655967239546,1.0000000000000704
0.5530436082567274,0.0,0.0,0.0,0.9299419221644215,0.0,12.257434929957679,2.9925655967239546,1.000000041500434
0.5533649996739642,0.0,0.0,0.0,0.9289791710596252,0.0,12.256210186266285,2.9927655967239555,1.0000000000000846
0.5536868913530022,0.0,0.0,0.0,0.9280154513595233,0.0,12.254978996051623,2.9929655967239555,1.00000000000019
0.5540092849184056,0.0,0.0,0.0,0.9270507600813063,0.0,12.253741310684322,2.993165596723955,1.0000000217645026
0.5543321820007995,0.0,0.0,0.0,0.9260850942342838,0.0,12.252497081087274,2.9933655967239554,1.0000000363259978
0.5546555842368417,0.0,0.0,0.0,0.9251184508200125,0.0,12.251246257731088,2.993565596723956,1.000000134774058
0.5549794932692479,0.0,0.0,0.0,0.924150826832283,0.0,12.249988790629251,2.9937655967239554,1.0000000000000608
0.5553039107467587,0.0,0.0,0.0,0.9231822192572614,0.0,12.248724629333566,2.993965596723955,1.0000002353821251
0.5556288383241689,0.0,0.0,0.0,0.9222126250734648,0.0,12.247453722929123,2.9941655967239553,1.0000000000000981
0.5559542776622967,0.0,0.0,0.0,0.9212420412519,0.0,12.24617602002966,2.9943655967239553,1.0000001230924545
0.5562802304279885,0.0,0.0,0.0,0.9202704647561027,0.0,12.244891468772533,2.9945655967239544,1.0000000208192232
0.5566066982941078,0.0,0.0,0.0,0.9192978925422218,0.0,12.24360001681382,2.9947655967239553,1.0000000000002034
0.5569336829395315,0.0,0.0,0.0,0.918324321559088,0.0,12.242301611323361,2.9949655967239543,1.000000000000167
0.5572611860491353,0.0,0.0,0.0,0.917349748748302,0.0,12.24099619897963,2.9951655967239543,1.0000002830291903
0.5575892093138042,0.0,0.0,0.0,0.9163741710442667,0.0,12.239683725964555,2.9953655967239547,1.0000000000001037
0.5579177544303895,0.0,0.0,0.0,0.9153975853743539,0.0,12.23836413795866,2.9955655967239543,1.0000001269639498
0.5582468231017308,0.0,0.0,0.0,0.914419988658903,0.0,12.237037380135428,2.995765596723955,1.0000000000001235
0.5585764170366202,0.0,0.0,0.0,0.9134413778113728,0.0,12.235703397156401,2.9959655967239542,1.0000000000002573
0.558906537949798,0.0,0.0,0.0,0.9124617497384054,0.0,12.234362133165662,2.9961655967239547,1.0000000000000289
0.5592371875619483,0.0,0.0,0.0,0.9114811013398989,0.0,12.233013531784481,2.996365596723954,1.000000000000141
0.5595683675996787,0.0,0.0,0.0,0.9104994295091128,0.0,12.231657536105871,2.996565596723954,1.000000000000037
0.5599000797954828,0.0,0.0,0.0,0.9095167311328273,0.0,12.230294088689257,2.9967655967239546,1.0000002544929565
0.5602323258877666,0.0,0.0,0.0,0.9085330030913292,0.0,12.228923131554637,2.996965596723954,1.0000001900527253
0.5605651076207937,0.0,0.0,0.0,0.9075482422586119,0.0,12.227544606177263,2.9971655967239546,1.0000002068645668
0.5608984267446859,0.0,0.0,0.0,0.9065624455024337,0.0,12.226158453481785,2.997365596723954,1.0000000000001976
0.5612322850153926,0.0,0.0,0.0,0.905575609684454,0.0,12.22476461383668,2.9975655967239545,1.0000001401446927
0.5615666841946749,0.0,0.0,0.0,0.9045877316603335,0.0,12.223363027048379,2.9977655967239545,1.0000000000001317
0.5619016260500929,0.0,0.0,0.0,0.9035988082798241,0.0,12.221953632355419,2.9979655967239545,1.0000001272056906
0.5622371123549632,0.0,0.0,0.0,0.9026088363869389,0.0,12.22053636842264,2.9981655967239544,1.0000001972716257
0.5625731448883561,0.0,0.0,0.0,0.9016178128200194,0.0,12.21911117333519,2.998365596723954,1.0000002432494972
0.5629097254350459,0.0,0.0,0.0,0.9006257344119204,0.0,12.217677984592457,2.9985655967239544,1.0000000651417504
0.5632468557855097,0.0,0.0,0.0,0.8996325979900752,0.0,12.216236739102113,2.998765596723955,1.000000075945963
0.563584537735874,0.0,0.0,0.0,0.8986384003766914,0.0,12.214787373173886,2.998965596723954,1.0000001333022717
0.5639227730879186,0.0,0.0,0.0,0.8976431383888003,0.0,12.21332982251342,2.9991655967239543,1.0000000000000886
0.5642615636490057,0.0,0.0,0.0,0.8966468088385008,0.0,12.211864022216002,2.9993655967239548,1.0000000000002027
0.5646009112320814,0.0,0.0,0.0,0.8956494085330151,0.0,12.21038990676022,2.9995655967239547,1.0000000359709285
0.5649408176556189,0.0,0.0,0.0,0.8946509342748958,0.0,12.208907410001691,2.999765596723954,1.000000077236199
0.5652812847436194,0.0,0.0,0.0,0.8936513828620806,0.0,12.207416465166409,2.999965596723954,1.00000000000019
0.5656223143255165,0.0,0.0,0.0,0.8926507510882046,0.0,12.205917004844604,3.0001655967239538,1.0000001397408222
0.5659639082362086,0.0,0.0,0.0,0.8916490357425733,0.0,12.204408960983734,3.000365596723954,1.0000001752112089
0.5663060683159634,0.0,0.0,0.0,0.8906462336104707,0.0,12.202892264882244,3.0005655967239537,1.0000002443225524
0.5666487964104132,0.0,0.0,0.0,0.8896423414732308,0.0,12.201366847182635,3.0007655967239546,1.00000000000009
0.5669920943704888,0.0,0.0,0.0,0.8886373561084723,0.0,12.199832637864885,3.0009655967239532,1.0000001689016473
0.5673359640523994,0.0,0.0,0.0,0.8876312742902052,0.0,12.198289566239442,3.0011655967239537,1.000000000000072
0.5676804073175736,0.0,0.0,0.0,0.8866240927890494,0.0,12.196737560940509,3.0013655967239536,1.0000000439519479
0.5680254260326201,0.0,0.0,0.0,0.8856158083723938,0.0,12.195176549919013,3.001565596723954,1.0000000000001217
0.5683710220692579,0.0,0.0,0.0,0.884606417804639,0.0,12.193606460435687,3.0017655967239536,1.0000001316726153
0.5687171973043083,0.0,0.0,0.0,0.8835959178472762,0.0,12.192027219053825,3.001965596723954,1.0000000000000968
0.5690639536196069,0.0,0.0,0.0,0.8825843052591767,0.0,12.19043875163233,3.002165596723954,1.0000002288812146
0.5694112929019686,0.0,0.0,0.0,0.8815715767967448,0.0,12.188840983318418,3.002365596723954,1.0000000000001352
0.569759217043128,0.0,0.0,0.0,0.8805577292141278,0.0,12.187233838540356,3.0025655967239535,1.0000000000001352
0.5701077279396768,0.0,0.0,0.0,0.8795427592634428,0.0,12.185617241000141,3.002765596723954,1.0000000000001155
0.5704568274930212,0.0,0.0,0.0,0.8785266636949446,0.0,12.183991113666117,3.0029655967239544,1.0000000000000904
0.5708065176093128,0.0,0.0,0.0,0.8775094392572659,0.0,12.182355378765452,3.003165596723954,1.0000000000001195
0.5711568001993823,0.0,0.0,0.0,0.8764910826976477,0.0,12.180709957776692,3.0033655967239534,1.000000112331551
0.5715076771786861,0.0,0.0,0.0,0.875471590762139,0.0,12.179054771422072,3.003565596723954,1.0000000000002245
0.5718591504672317,0.0,0.0,0.0,0.8744509601958491,0.0,12.177389739659974,3.0037655967239543,1.0000001600112673
0.5722112219895151,0.0,0.0,0.0,0.8734291877431695,0.0,12.175714781677076,3.0039655967239542,1.0000001561901544
0.5725638936744541,0.0,0.0,0.0,0.8724062701480056,0.0,12.174029815880626,3.0041655967239542,1.0000001623119064
0.5729171674553097,0.0,0.0,0.0,0.8713822041540404,0.0,12.172334759890598,3.0043655967239538,1.0000000000001203
0.5732710452696144,0.0,0.0,0.0,0.8703569865049791,0.0,12.170629530531745,3.0045655967239537,1.0000000000000322
0.5736255290591051,0.0,0.0,0.0,0.8693306139447814,0.0,12.168914043825549,3.004765596723953,1.0000000000001479
0.5739806207696356,0.0,0.0,0.0,0.8683030832179474,0.0,12.1671882149823,3.0049655967239537,1.00000012737783
0.5743363223511116,0.0,0.0,0.0,0.8672743910697452,0.0,12.165451958392861,3.0051655967239532,1.0000000000001121
0.574692635757374,0.0,0.0,0.0,0.8662445342465707,0.0,12.163705187620547,3.0053655967239536,1.0000000000001166
0.5750495629461585,0.0,0.0,0.0,0.8652135094961089,0.0,12.161947815392864,3.005565596723953,1.0000000000003135
0.5754071058789957,0.0,0.0,0.0,0.8641813135676539,0.0,12.160179753593113,3.005765596723953,1.0000000000000733
0.575765266521096,0.0,0.0,0.0,0.8631479432124615,0.0,12.158400913252196,3.0059655967239536,1.0000001290609069
0.5761240468413001,0.0,0.0,0.0,0.8621133951839366,0.0,12.156611204539983,3.0061655967239536,1.000000000000174
0.5764834488119581,0.0,0.0,0.0,0.861077666238002,0.0,12.154810536756887,3.0063655967239526,1.000000097764483
0.5768434744088462,0.0,0.0,0.0,0.8600407531333715,0.0,12.152998818325319,3.006565596723953,1.000000199555216
0.5772041256110674,0.0,0.0,0.0,0.8590026526318623,0.0,12.151175956780957,3.0067655967239535,1.0000000000001656
0.5775654044009466,0.0,0.0,0.0,0.8579633614987245,0.0,12.149341858764258,3.006965596723954,1.0000001067032627
0.5779273127639344,0.0,0.0,0.0,0.8569228765029446,0.0,12.147496430011437,3.007165596723954,1.0000000000001983
0.5782898526885066,0.0,0.0,0.0,0.8558811944175602,0.0,12.145639575345806,3.007365596723953,1.0000000000001166
0.5786530261660412,0.0,0.0,0.0,0.854838312020034,0.0,12.143771198668912,3.0075655967239534,1.000000000000095
0.5790168351907325,0.0,0.0,0.0,0.8537942260925308,0.0,12.14189120295146,3.007765596723953,1.0000000000001459
0.5793812817594532,0.0,0.0,0.0,0.8527489334223287,0.0,12.139999490224467,3.0079655967239534,1.000000000000221
0.5797463678716669,0.0,0.0,0.0,0.8517024308020976,0.0,12.13809596157011,3.0081655967239533,1.0000000000001685
0.580112095529282,0.0,0.0,0.0,0.8506547150303315,0.0,12.136180517112663,3.008365596723953,1.000000000000064
0.5804784667365578,0.0,0.0,0.0,0.8496057829116427,0.0,12.13425305600927,3.0085655967239537,1.0000002481794856
0.5808454834999732,0.0,0.0,0.0,0.848555631257157,0.0,12.132313476440741,3.008765596723953,1.0000001483879783
0.5812131478280977,0.0,0.0,0.0,0.8475042568848941,0.0,12.130361675602293,3.008965596723953,1.0000001779439953
0.5815814617314707,0.0,0.0,0.0,0.8464516566201341,0.0,12.128397549694137,3.0091655967239532,1.0000000000000673
0.5819504272224612,0.0,0.0,0.0,0.8453978272958307,0.0,12.126420993912195,3.0093655967239528,1.0000000000000657
0.5823200463151574,0.0,0.0,0.0,0.8443427657529436,0.0,12.124431902438532,3.009565596723953,1.0000000994131313
0.5826903210252018,0.0,0.0,0.0,0.8432864688409191,0.0,12.12243016843193,3.0097655967239527,1.0000000000001201
0.5830612533696825,0.0,0.0,0.0,0.842228933418015,0.0,12.120415684018354,3.009965596723953,1.0000000000000986
0.5834328453669714,0.0,0.0,0.0,0.8411701563517697,0.0,12.118388340281287,3.010165596723953,1.0000000911536482
0.5838050990365915,0.0,0.0,0.0,0.8401101345193924,0.0,12.11634802725214,3.010365596723952,1.0000000000001912
0.5841780163990687,0.0,0.0,0.0,0.8390488648081907,0.0,12.11429463390056,3.0105655967239526,1.0000000000001779
0.5845515994757834,0.0,0.0,0.0,0.8379863441160035,0.0,12.112228048124688,3.010765596723953,1.0000001753779597
0.5849258502888176,0.0,0.0,0.0,0.8369225693516388,0.0,12.11014815674133,3.010965596723953,1.000000000000041
0.585300770860808,0.0,0.0,0.0,0.8358575374352989,0.0,12.108054845476259,3.0111655967239526,1.0000000000000904
0.585676363214785,0.0,0.0,0.0,0.8347912452990396,0.0,12.105947998954187,3.011365596723953,1.0000000000001064
0.5860526293739983,0.0,0.0,0.0,0.8337236898872646,0.0,12.103827500689073,3.011565596723953,1.0000001219867918
0.586429571361791,0.0,0.0,0.0,0.8326548681570921,0.0,12.10169323307398,3.0117655967239534,1.0000001605228905
0.5868071912013954,0.0,0.0,0.0,0.8315847770789249,0.0,12.099545077371296,3.011965596723953,1.0000000000000147
0.587185490915796,0.0,0.0,0.0,0.830513413636843,0.0,12.097382913702583,3.0121655967239525,1.000000000000109
0.5875644725275408,0.0,0.0,0.0,0.8294407748291323,0.0,12.09520662103863,3.012365596723953,1.0000000993939688
0.5879441380585764,0.0,0.0,0.0,0.828366857668749,0.0,12.093016077189413,3.012565596723953,1.0000000000000158
0.5883244895300728,0.0,0.0,0.0,0.8272916591838095,0.0,12.090811158793947,3.0127655967239533,1.000000142823777
0.5887055289622429,0.0,0.0,0.0,0.8262151764180937,0.0,12.088591741310234,3.0129655967239533,1.0000000000000733
0.5890872583741675,0.0,0.0,0.0,0.8251374064315341,0.0,12.08635769900511,3.013165596723953,1.0000001660679563
0.5894696797835989,0.0,0.0,0.0,0.8240583463007558,0.0,12.084108904944106,3.013365596723953,1.0000000000000742
0.5898527952068019,0.0,0.0,0.0,0.8229779931195239,0.0,12.081845230981296,3.0135655967239527,1.0000002563204844
0.5902366066583349,0.0,0.0,0.0,0.8218963439993402,0.0,12.079566547749087,3.0137655967239527,1.0000000000000335
0.5906211161508814,0.0,0.0,0.0,0.8208133960699109,0.0,12.077272724648145,3.013965596723954,1.0000000000001246
0.5910063256950426,0.0,0.0,0.0,0.8197291464797145,0.0,12.074963629837104,3.014165596723953,1.0000000000000808
0.5913922372991604,0.0,0.0,0.0,0.8186435923964875,0.0,12.072639130222345,3.0143655967239527,1.0000000000000826
0.5917788529690995,0.0,0.0,0.0,0.8175567310078151,0.0,12.070299091447945,3.014565596723952,1.000000166405199
0.592166174708068,0.0,0.0,0.0,0.8164685595216269,0.0,12.067943377885307,3.014765596723952,1.0000000000000409
0.5925542045164048,0.0,0.0,0.0,0.815379075166769,0.0,12.065571852623165,3.0149655967239517,1.0000000000001168
0.592942944391369,0.0,0.0,0.0,0.814288275193574,0.0,12.06318437745723,3.0151655967239535,1.000000220096353
0.59333239632695,0.0,0.0,0.0,0.81319615687438,0.0,12.06078081288018,3.015365596723953,1.0000002268784782
0.5937225623136491,0.0,0.0,0.0,0.8121027175041131,0.0,12.058361018071395,3.015565596723952,1.0000002665588237
0.5941134443382939,0.0,0.0,0.0,0.8110079544007942,0.0,12.055924850886845,3.015765596723952,1.0000000000000369
0.5945050443837743,0.0,0.0,0.0,0.8099118649062389,0.0,12.053472167849177,3.0159655967239525,1.0000001248019854
0.5948973644288945,0.0,0.0,0.0,0.8088144463864642,0.0,12.051002824137347,3.016165596723952,1.0000000000000455
0.5952904064481128,0.0,0.0,0.0,0.807715696232375,0.0,12.048516673576787,3.0163655967239524,1.0000000000001854
0.5956841724113502,0.0,0.0,0.0,0.806615611860283,0.0,12.046013568629341,3.016565596723952,1.000000222956079
0.596078664283772,0.0,0.0,0.0,0.8055141907124846,0.0,12.043493360383264,3.0167655967239515,1.0000000000001115
0.5964738840255567,0.0,0.0,0.0,0.8044114302578734,0.0,12.040955898543404,3.016965596723953,1.0000000000001201
0.5968698335916883,0.0,0.0,0.0,0.8033073279924958,0.0,12.038401031421316,3.0171655967239523,1.000000136054484
0.5972665149317444,0.0,0.0,0.0,0.8022018814401111,0.0,12.035828605925348,3.0173655967239523,1.0000000000001044
0.5976639299896682,0.0,0.0,0.0,0.8010950881527933,0.0,12.03323846755096,3.0175655967239527,1.0000000000000986
0.5980620807035409,0.0,0.0,0.0,0.7999869457115318,0.0,12.030630460371254,3.017765596723953,1.0000002067320004
0.5984609690053921,0.0,0.0,0.0,0.798877451726737,0.0,12.028004427026858,3.0179655967239527,1.0000000000001505
0.5988605968209456,0.0,0.0,0.0,0.7977666038389017,0.0,12.025360208716926,3.0181655967239527,1.0000000000001528
0.5992609660694098,0.0,0.0,0.0,0.7966543997191564,0.0,12.022697645189444,3.018365596723952,1.0000000000001046
0.5996620786632846,0.0,0.0,0.0,0.7955408370697785,0.0,12.020016574731772,3.0185655967239526,1.0000000000001894
0.6000639365081097,0.0,0.0,0.0,0.7944259136248494,0.0,12.01731683416159,3.0187655967239517,1.0000001836036276
0.6004665415022696,0.0,0.0,0.0,0.7933096271507667,0.0,12.014598258817538,3.0189655967239517,1.00000000000014
0.6008698955367762,0.0,0.0,0.0,0.7921919754468153,0.0,12.011860682550244,3.019165596723953,1.0000000445149553
0.601274000495026,0.0,0.0,0.0,0.791072956345798,0.0,12.00910393771344,3.0193655967239517,1.0000000000000973
0.6016788582526498,0.0,0.0,0.0,0.7899525677144358,0.0,12.006327855154902,3.019565596723952,1.000000000000114
0.6020844706772402,0.0,0.0,0.0,0.7888308074540727,0.0,12.003532264207957,3.019765596723952,1.000000000000262
0.6024908396281855,0.0,0.0,0.0,0.7877076735011164,0.0,12.000716992682737,3.0199655967239525,1.0000000000001523
0.6028979669564425,0.0,0.0,0.0,0.7865831638276267,0.0,11.997881866857853,3.0201655967239516,1.0000002873713272
0.6033058545043685,0.0,0.0,0.0,0.785457276441759,0.0,11.995026711471901,3.0203655967239516,1.0000001522589552
0.6037145041054811,0.0,0.0,0.0,0.7843300093883881,0.0,11.992151349715606,3.0205655967239515,1.000000000000104
0.6041239175843031,0.0,0.0,0.0,0.7832013607495174,0.0,11.989255603223524,3.0207655967239524,1.0000000000000575
0.604534096756147,0.0,0.0,0.0,0.7820713286448413,0.0,11.986339292066381,3.0209655967239515,1.0000000000001548
0.6049450434269731,0.0,0.0,0.0,0.7809399112321191,0.0,11.983402234743247,3.021165596723952,1.000000246082802
0.6053567593931719,0.0,0.0,0.0,0.7798071067077463,0.0,11.98044424817422,3.0213655967239514,1.0000000000002502
0.6057692464414015,0.0,0.0,0.0,0.7786729133071787,0.0,11.977465147693101,3.0215655967239514,1.0000000000001057
0.6061825063484555,0.0,0.0,0.0,0.7775373293052891,0.0,11.974464747040079,3.0217655967239523,1.0000000000000917
0.606596540881063,0.0,0.0,0.0,0.7764003530168915,0.0,11.971442858355116,3.0219655967239514,1.0000001716416176
0.6070113517957917,0.0,0.0,0.0,0.7752619827970043,0.0,11.968399292170867,3.022165596723952,1.0000000000000624
0.607426940838842,0.0,0.0,0.0,0.7741222170413935,0.0,11.96533385740672,3.0223655967239518,1.0000000000000764
0.607843309745986,0.0,0.0,0.0,0.7729810541867506,0.0,11.962246361361913,3.022565596723952,1.000000000000083
0.6082604602423977,0.0,0.0,0.0,0.7718384927111442,0.0,11.959136609709976,3.022765596723952,1.000000000000149
0.6086783940425574,0.0,0.0,0.0,0.7706945311342878,0.0,11.956004406492756,3.0229655967239517,1.000000000000022
0.6090971128501814,0.0,0.0,0.0,0.7695491680177471,0.0,11.95284955411467,3.0231655967239512,1.000000212068733
0.6095166183580902,0.0,0.0,0.0,0.7684024019653004,0.0,11.94967185333777,3.0233655967239517,1.000000000000227
0.6099369122481583,0.0,0.0,0.0,0.7672542316230998,0.0,11.94647110327642,3.0235655967239516,1.0000000000000209
0.6103579961912597,0.0,0.0,0.0,0.7661046556798433,0.0,11.943247101392586,3.0237655967239516,1.0000000000000608
0.6107798718472135,0.0,0.0,0.0,0.7649536728669512,0.0,11.939999643491428,3.023965596723952,1.0000001462988115
0.6112025408647628,0.0,0.0,0.0,0.7638012819586592,0.0,11.936728523716873,3.024165596723952,1.000000000000127
0.6116260048815534,0.0,0.0,0.0,0.7626474817721189,0.0,11.933433534547918,3.0243655967239524,1.0000000000000333
0.6120502655241521,0.0,0.0,0.0,0.7614922711674016,0.0,11.930114466794812,3.0245655967239515,1.0000000000001057
0.6124753244080549,0.0,0.0,0.0,0.7603356490475266,0.0,11.926771109595858,3.0247655967239515,1.0000000000000382
0.6129011831377476,0.0,0.0,0.0,0.7591776143583717,0.0,11.92340325041426,3.024965596723951,1.0000000000001046
0.6133278433067643,0.0,0.0,0.0,0.7580181660885852,0.0,11.920010675035574,3.0251655967239515,1.0000002375197228
0.6137553064977783,0.0,0.0,0.0,0.7568573032694266,0.0,11.916593167565116,3.025365596723952,1.000000000000089
0.6141835742826971,0.0,0.0,0.0,0.7556950249746005,0.0,11.913150510426194,3.0255655967239514,1.0000000000000695
0.6146126482228264,0.0,0.0,0.0,0.7545313303199247,0.0,11.909682484358173,3.025765596723951,1.0000000000000955
0.6150425298690242,0.0,0.0,0.0,0.75336621846303,0.0,11.906188868415136,3.0259655967239514,1.0000001741728257
0.6154732207618742,0.0,0.0,0.0,0.7521996886030174,0.0,11.902669439964985,3.0261655967239514,1.000000000000152
0.6159047224319296,0.0,0.0,0.0,0.7510317399799455,0.0,11.899123974688612,3.0263655967239513,1.0000001456286833
0.6163370363999491,0.0,0.0,0.0,0.7498623718743518,0.0,11.895552246579744,3.026565596723951,1.000000000000047
0.6167701641771798,0.0,0.0,0.0,0.7486915836066534,0.0,11.891954027944905,3.0267655967239504,1.0000000000000657
0.6172041072657033,0.0,0.0,0.0,0.7475193745364139,0.0,11.88832908940378,3.0269655967239513,1.0000000000002363
0.6176388671587418,0.0,0.0,0.0,0.7463457440617078,0.0,11.884677199890152,3.0271655967239512,1.000000000000084
0.6180744453410936,0.0,0.0,0.0,0.7451706916181785,0.0,11.880998126652926,3.0273655967239517,1.0000000000001512
0.6185108432895466,0.0,0.0,0.0,0.7439942166781598,0.0,11.877291635257766,3.027565596723951,1.0000000000000715
0.6189480624733407,0.0,0.0,0.0,0.7428163187496889,0.0,11.873557489588986,3.027765596723951,1.0000000000000169
0.6193861043547277,0.0,0.0,0.0,0.7416369973752903,0.0,11.869795451851644,3.0279655967239507,1.0000000000000437
0.6198249703894847,0.0,0.0,0.0,0.7404562521308835,0.0,11.866005282574573,3.0281655967239516,1.000000250642992
0.6202646620275579,0.0,0.0,0.0,0.7392740826243867,0.0,11.862186740613122,3.028365596723952,1.000000261583487
0.6207051807137283,0.0,0.0,0.0,0.7380904884942787,0.0,11.858339583152638,3.0285655967239515,1.0000000000000557
0.6211465278883137,0.0,0.0,0.0,0.736905469408084,0.0,11.854463565712408,3.0287655967239515,1.0000000000000508
0.6215887049879526,0.0,0.0,0.0,0.7357190250606757,0.0,11.85055844214964,3.0289655967239506,1.0000000000000362
0.6220317134464439,0.0,0.0,0.0,0.7345311551724556,0.0,11.84662396466395,3.029165596723951,1.000000000000046
0.6224755546956279,0.0,0.0,0.0,0.7333418594874512,0.0,11.842659883802478,3.0293655967239506,1.0000000000001106
0.6229202301663591,0.0,0.0,0.0,0.7321511377712041,0.0,11.83866594846485,3.029565596723951,1.0000000000000593
0.6233657412895129,0.0,0.0,0.0,0.7309589898085966,0.0,11.834641905909004,3.029765596723951,1.0000000000000644
0.6238120894971222,0.0,0.0,0.0,0.7297654154013823,0.0,11.830587501756822,3.029965596723951,1.0
0.6242592762235113,0.0,0.0,0.0,0.7285704143657398,0.0,11.826502480000565,3.0301655967239514,1.0000000000000049
0.6247073029065523,0.0,0.0,0.0,0.7273739865295532,0.0,11.822386583009463,3.030365596723951,1.0000000000000535
0.6251561709890328,0.0,0.0,0.0,0.7261761317294468,0.0,11.81823955153623,3.0305655967239504,1.0000000000000575
0.6256058819200284,0.0,0.0,0.0,0.724976849807827,0.0,11.814061124724503,3.030765596723951,1.000000000000142
0.6260564371564367,0.0,0.0,0.0,0.7237761406095661,0.0,11.809851040116035,3.0309655967239504,1.0000000364046226
0.6265078381645607,0.0,0.0,0.0,0.7225740039785837,0.0,11.80560903365838,3.031165596723951,1.0000000000001832
0.6269600864218303,0.0,0.0,0.0,0.7213704397541312,0.0,11.801334839712586,3.031365596723951,1.0000000000002125
0.6274131834185667,0.0,0.0,0.0,0.7201654477669944,0.0,11.79702819106142,3.0315655967239508,1.0000000000000746
0.6278671306599247,0.0,0.0,0.0,0.7189590278353045,0.0,11.79268881891735,3.0317655967239507,1.0000000000001406
0.6283219296678848,0.0,0.0,0.0,0.7177511797602576,0.0,11.788316452930937,3.0319655967239516,1.0000000000000537
0.6287775819834044,0.0,0.0,0.0,0.7165419033214863,0.0,11.783910821199234,3.032165596723951,1.0000000000000435
0.6292340891686563,0.0,0.0,0.0,0.715331198272256,0.0,11.779471650274292,3.0323655967239502,1.0000002018796215
0.6296914528094442,0.0,0.0,0.0,0.7141190643342771,0.0,11.774998665171426,3.0325655967239507,1.000000000000033
0.6301496745176828,0.0,0.0,0.0,0.7129055011923988,0.0,11.770491589378125,3.0327655967239506,1.000000233726247
0.6306087559340839,0.0,0.0,0.0,0.7116905084888513,0.0,11.765950144861996,3.032965596723951,1.000000000000045
0.6310686987309394,0.0,0.0,0.0,0.7104740858173,0.0,11.761374052079448,3.03316559672395,1.0000002847477991
0.6315295046150953,0.0,0.0,0.0,0.7092562327164866,0.0,11.756763029983484,3.033365596723951,1.0000000000000564
0.631991175331035,0.0,0.0,0.0,0.7080369486636616,0.0,11.752116796031935,3.0335655967239497,1.0000000000000853
0.6324537126641965,0.0,0.0,0.0,0.7068162330675017,0.0,11.747435066194823,3.03376559672395,1.0000000000000955
0.6329171184444061,0.0,0.0,0.0,0.705594085260811,0.0,11.742717554961628,3.03396559672395,1.0000001659669264
0.6333813945495167,0.0,0.0,0.0,0.7043705044927828,0.0,11.737963975348292,3.03416559672395,1.0000000000000002
0.6338465429092154,0.0,0.0,0.0,0.7031454899209197,0.0,11.733174038903517,3.0343655967239505,1.0000000000000446
0.6343125655090835,0.0,0.0,0.0,0.701919040602414,0.0,11.728347455714305,3.0345655967239504,1.0000000000000213
0.6347794643948041,0.0,0.0,0.0,0.7006911554852452,0.0,11.72348393441118,3.0347655967239504,1.0000000000000113
0.6352472416765986,0.0,0.0,0.0,0.6994618333987944,0.0,11.718583182172608,3.034965596723951,1.0000003431821483
0.6357158995339421,0.0,0.0,0.0,0.6982310730438751,0.0,11.713644904727985,3.03516559672395,1.0000000000000668
0.6361854402204189,0.0,0.0,0.0,0.6969988729825022,0.0,11.70866880636071,3.03536559672395,1.000000000000076
0.6366558660689241,0.0,0.0,0.0,0.6957652316269193,0.0,11.703654589908945,3.0355655967239508,1.000000000000126
0.6371271794970741,0.0,0.0,0.0,0.6945301472282217,0.0,11.69860195676602,3.03576559672395,1.000000000000048
0.6375993830128774,0.0,0.0,0.0,0.6932936178644356,0.0,11.693510606879244,3.0359655967239507,1.000000032276432
0.638072479220725,0.0,0.0,0.0,0.6920556414279487,0.0,11.688380238747072,3.0361655967239503,1.0000001305430537
0.6385464708276586,0.0,0.0,0.0,0.6908162156123688,0.0,11.683210549414731,3.0363655967239493,1.0000000000000724
0.6390213606499386,0.0,0.0,0.0,0.6895753378987821,0.0,11.678001234468198,3.0365655967239507,1.0000000000000493
0.6394971516199711,0.0,0.0,0.0,0.6883330055412687,0.0,11.672751988025876,3.0367655967239497,1.000000000000052
0.6399738467935299,0.0,0.0,0.0,0.6870892155518313,0.0,11.667462502728501,3.0369655967239506,1.0000000000001061
0.6404514493573698,0.0,0.0,0.0,0.6858439646845255,0.0,11.662132469726414,3.03716559672395,1.0000000000000722
0.6409299626372114,0.0,0.0,0.0,0.6845972494188315,0.0,11.65676157866437,3.03736559672395,1.0000000000001676
0.6414093901061121,0.0,0.0,0.0,0.6833490659422549,0.0,11.651349517663427,3.037565596723949,1.0000000000000708
0.6418897353932138,0.0,0.0,0.0,0.6820994101321693,0.0,11.645895973300442,3.03776559672395,1.0000000000001064
0.6423710022929862,0.0,0.0,0.0,0.6808482775366481,0.0,11.640400630583443,3.0379655967239505,1.0000000000000917
0.6428531947748732,0.0,0.0,0.0,0.6795956633544931,0.0,11.634863172924108,3.03816559672395,1.0000000000001585
0.6433363169934354,0.0,0.0,0.0,0.6783415624142608,0.0,11.629283282106114,3.038365596723951,1.0000000000000646
0.643820373298969,0.0,0.0,0.0,0.6770859691523426,0.0,11.623660638249795,3.0385655967239504,1.0000000000001104
0.644305368248679,0.0,0.0,0.0,0.6758288775899175,0.0,11.617994919771837,3.03876559672395,1.0000000000000009
0.6447913066183734,0.0,0.0,0.0,0.6745702813088739,0.0,11.612285803340725,3.03896559672395,1.0000000000000382
0.6452781934147378,0.0,0.0,0.0,0.6733101734265685,0.0,11.606532963826872,3.03916559672395,1.0000002177594092
0.6457660338882467,0.0,0.0,0.0,0.6720485465693032,0.0,11.600736074247077,3.03936559672395,1.0000000000000386
0.6462548335466693,0.0,0.0,0.0,0.6707853928446297,0.0,11.594894805703595,3.0395655967239503,1.0000000000000862
0.6467445981692818,0.0,0.0,0.0,0.6695207038122336,0.0,11.589008827316242,3.03976559672395,1.0000000000000269
0.6472353338217578,0.0,0.0,0.0,0.6682544704534765,0.0,11.583077806148333,3.03996559672395,1.000000000000044
0.6477270468718584,0.0,0.0,0.0,0.6669866831393356,0.0,11.577101407124662,3.04016559672395,1.0000000000000944
0.6482197440058358,0.0,0.0,0.0,0.66571733159694,0.0,11.571079292942287,3.040365596723949,1.0000000000000588
0.6487134322457336,0.0,0.0,0.0,0.6644464048743085,0.0,11.565011123972443,3.0405655967239498,1.0000000000000602
0.6492081189674949,0.0,0.0,0.0,0.6631738913035105,0.0,11.558896558154107,3.0407655967239493,1.0000000000000808
0.6497038119201,0.0,0.0,0.0,0.6618997784617424,0.0,11.552735250876845,3.04096559672395,1.0000000000000828
0.6502005192455633,0.0,0.0,0.0,0.6606240531307536,0.0,11.546526854854537,3.04116559672395,1.0000000000000735
0.6506982495000397,0.0,0.0,0.0,0.6593467012540377,0.0,11.540271019987406,3.0413655967239492,1.0213430113460518
0.6511970116760285,0.0,0.0,0.0,0.6580677078918629,0.0,11.533967393212123,3.0415655967239505,1.0442139979427916
0.6516968152256893,0.0,0.0,0.0,0.6567870571741182,0.0,11.527615618339746,3.0417655967239496,1.0583602529011635
0.6521976700854388,0.0,0.0,0.0,0.6555047322506075,0.0,11.521215335879463,3.0419655967239496,1.0692093746520126
0.6526995867018305,0.0,0.0,0.0,0.6542207152388244,0.0,11.51476618284821,3.0421655967239496,1.0780670113930468
0.6532025760588208,0.0,0.0,0.0,0.65293498716899,0.0,11.508267792564569,3.04236559672395,1.0854928440712628
0.6537066497065182,0.0,0.0,0.0,0.6516475279261621,0.0,11.501719794425869,3.0425655967239504,1.0917830138101543
0.6542118197914903,0.0,0.0,0.0,0.6503583161892755,0.0,11.495121813667438,3.0427655967239495,1.0971119007772525
0.6547180990887352,0.0,0.0,0.0,0.6490673293669085,0.0,11.488473471102727,3.042965596723949,1.1015878318039831
0.6552255010354697,0.0,0.0,0.0,0.6477745435294535,0.0,11.481774382842358,3.04316559672395,1.1052789374547123
0.6557340397667333,0.0,0.0,0.0,0.6464799333377456,0.0,11.475024159991964,3.04336559672395,1.1082264659423546
0.6562437301531043,0.0,0.0,0.0,0.6451834719674977,0.0,11.468222408325243,3.0435655967239494,1.1104520477219906
0.6567545878405242,0.0,0.0,0.0,0.6438851310296149,0.0,11.46136872793213,3.043765596723949,1.1119616809322894
0.6572666292924421,0.0,0.0,0.0,0.6425848804859347,0.0,11.454462712839424,3.0439655967239494,1.1127477077987624
0.6577798718344382,0.0,0.0,0.0,0.6412826885601005,0.0,11.44750395060198,3.0441655967239494,1.1127893543866225
0.658294333701503,0.0,0.0,0.0,0.6399785216432062,0.0,11.440492021862035,3.0443655967239494,1.1120520143427801
0.6588100340881677,0.0,0.0,0.0,0.6386723441938404,0.0,11.433426499874452,3.0445655967239498,1.1104851582631388
0.6593269932016576,0.0,0.0,0.0,0.6373641186322,0.0,11.426306949995357,3.0447655967239493,1.108018407717805
0.659845232318372,0.0,0.0,0.0,0.6360538052276549,0.0,11.419132929130967,3.0449655967239497,1.1045547615247095
0.660364773843872,0.0,0.0,0.0,0.6347413619794344,0.0,11.411903985143526,3.0451655967239484,1.0999588698990752
0.660885641376693,0.0,0.0,0.0,0.6334267444897909,0.0,11.404619656211322,3.0453655967239497,1.094035766282293
0.6614078597762398,0.0,0.0,0.0,0.6321099058291633,0.0,11.397279470138631,3.045565596723949,1.0864889952408743
0.6619314552351898,0.0,0.0,0.0,0.630790796392459,0.0,11.38988294361126,3.0457655967239483,1.0768271456434777
0.6624564553565908,0.0,0.0,0.0,0.6294693637461536,0.0,11.382429581394442,3.045965596723949,1.06410934757545
0.6629828892362664,0.0,0.0,0.0,0.6281455524649397,0.0,11.374918875466326,3.0461655967239496,1.045944902434473
0.6635107875507869,0.0,0.0,0.0,0.6268193039574635,0.0,11.367350304083194,3.046365596723949,1.0000000000000417
0.6640401826516061,0.0,0.0,0.0,0.6254905562799478,0.0,11.359723330769675,3.046565596723949,1.000000000000139
0.6645711086658211,0.0,0.0,0.0,0.6241592439368169,0.0,11.35203740322753,3.046765596723949,1.000000000000097
0.6651036016042112,0.0,0.0,0.0,0.6228252976670235,0.0,11.344291952155897,3.046965596723949,1.0000000000000253
0.6656376994771552,0.0,0.0,0.0,0.621488644214908,0.0,11.33648638997464,3.0471655967239495,1.0000003144103604
0.6661734424192143,0.0,0.0,0.0,0.6201492060840401,0.0,11.328620109442081,3.047365596723949,1.0000004176723418
0.6667108728231089,0.0,0.0,0.0,0.6188069012726153,0.0,11.320692482157448,3.0475655967239494,1.000000000000017
0.667250035484083,0.0,0.0,0.0,0.6174616429884503,0.0,11.312702856936465,3.047765596723949,1.000000000000111
0.6677909777555944,0.0,0.0,0.0,0.6161133393417333,0.0,11.304650558048197,3.047965596723949,1.0000000000000646
0.6683337497175039,0.0,0.0,0.0,0.6147618930132215,0.0,11.296534883299058,3.0481655967239485,1.0000002766481746
0.6688784043579566,0.0,0.0,0.0,0.6134072008955531,0.0,11.288355101949534,3.0483655967239485,1.000000000000058
0.6694249977704718,0.0,0.0,0.0,0.6120491537046707,0.0,11.280110452444744,3.0485655967239493,1.0000000000000253
0.6699735893677238,0.0,0.0,0.0,0.6106876355584627,0.0,11.27180013994129,3.048765596723949,1.000000000000021
0.670524242113901,0.0,0.0,0.0,0.6093225235188966,0.0,11.263423333607015,3.0489655967239493,1.0000001786206605
0.6710770227776245,0.0,0.0,0.0,0.6079536870937559,0.0,11.25497916366988,3.049165596723948,1.0000000000000582
0.6716320022077071,0.0,0.0,0.0,0.6065809876934897,0.0,11.246466718187959,3.0493655967239484,1.0000000000001104
0.6721892556344199,0.0,0.0,0.0,0.6052042780379426,0.0,11.237885039508463,3.049565596723949,1.0000000000000207
0.6727488629991673,0.0,0.0,0.0,0.6038234015072353,0.0,11.22923312038019,3.0497655967239496,1.0000000000000138
0.6733109093160144,0.0,0.0,0.0,0.6024381914300421,0.0,11.220509899677891,3.0499655967239483,1.0000000000000557
0.6738754850689164,0.0,0.0,0.0,0.6010484703016803,0.0,11.211714257691598,3.0501655967239483,1.0
0.6744426866490565,0.0,0.0,0.0,0.5996540489233558,0.0,11.20284501092757,3.050365596723949,1.0000000000001457
0.6750126168375141,0.0,0.0,0.0,0.5982547254522723,0.0,11.193900906357381,3.0505655967239482,1.0000000000000746
0.6755853853390567,0.0,0.0,0.0,0.5968502843512157,0.0,11.184880615044843,3.0507655967239486,1.0000000000000662
0.6761611093739516,0.0,0.0,0.0,0.5954404952240527,0.0,11.17578272506723,3.050965596723949,1.0000003168844365
0.6767399143357868,0.0,0.0,0.0,0.5940251115213987,0.0,11.166605733633638,3.0511655967239486,1.0000000000000564
0.6773219345244266,0.0,0.0,0.0,0.5926038690985292,0.0,11.157348038289877,3.051365596723949,1.0000000000000577
0.6779073139652132,0.0,0.0,0.0,0.5911764846036215,0.0,11.14800792707513,3.051565596723949,1.0000000000001266
0.6784962073268236,0.0,0.0,0.0,0.5897426536719638,0.0,11.138583567479694,3.051765596723948,1.0000000000001115
0.6790887809531595,0.0,0.0,0.0,0.588302048895804,0.0,11.129072994017296,3.0519655967239485,1.0000000000000557
0.6796852140268906,0.0,0.0,0.0,0.5868543175351989,0.0,11.11947409419823,3.052165596723948,1.0000003053181306
0.6802856998859326,0.0,0.0,0.0,0.5853990789279553,0.0,11.109784592644761,3.052365596723948,1.0000000000000586
0.6808904475182875,0.0,0.0,0.0,0.5839359215486071,0.0,11.10000203304089,3.052565596723948,1.0000000000001128
0.6814996832656974,0.0,0.0,0.0,0.5824643996564947,0.0,11.090123757546225,3.052765596723948,1.0000000000001374
0.6821136527731271,0.0,0.0,0.0,0.5809840294600492,0.0,11.080146883225131,3.0529655967239484,1.0000000000001175
0.6827326232287433,0.0,0.0,0.0,0.5794942847093736,0.0,11.070068274949136,3.0531655967239484,1.0000000000000187
0.6833568859494241,0.0,0.0,0.0,0.5779945916087377,0.0,11.059884514104262,3.053365596723948,1.0000000000000926
0.6839867593792326,0.0,0.0,0.0,0.5764843229162147,0.0,11.049591862285013,3.0535655967239483,1.0000003415773744
0.6846225925844942,0.0,0.0,0.0,0.5749627910657853,0.0,11.039186218959843,3.053765596723948,1.000000000000068
0.6852647693501102,0.0,0.0,0.0,0.5734292401058302,0.0,11.028663071837585,3.0539655967239474,1.0000000000000788
0.6859137130083971,0.0,0.0,0.0,0.5718828361955087,0.0,11.018017438341273,3.0541655967239487,1.0000000000001055
0.6865698921675066,0.0,0.0,0.0,0.5703226563299931,0.0,11.007243796161077,3.0543655967239483,1.0000004762509758
0.6872338275530249,0.0,0.0,0.0,0.5687476748738894,0.0,10.996336000292942,3.0545655967239482,1.000000242676471
0.687906100239231,0.0,0.0,0.0,0.5671567473583078,0.0,10.985287183206129,3.054765596723948,1.0000003060126883
0.6885873616313319,0.0,0.0,0.0,0.5655485908298812,0.0,10.974089633752325,3.0549655967239477,1.0000000000000613
0.6892783456766318,0.0,0.0,0.0,0.5639217598102663,0.0,10.962734649012543,3.055165596723948,1.0000002775627328
0.689979883944632,0.0,0.0,0.0,0.5622746166054072,0.0,10.95121235131057,3.055365596723948,1.0000000000001368
0.6906929244453974,0.0,0.0,0.0,0.560605294251965,0.0,10.939511459835915,3.0555655967239477,1.000000212583899
0.6914185553847624,0.0,0.0,0.0,0.5589116497396145,0.0,10.927619002321492,3.055765596723948,1.0000003474624715
0.6921580355374259,0.0,0.0,0.0,0.5571912041971945,0.0,10.915519946361345,3.055965596723948,1.0000000000000209
0.692912833640105,0.0,0.0,0.0,0.5554410653096865,0.0,10.903196721196682,3.056165596723948,1.0000001498894064
0.6936846803105342,0.0,0.0,0.0,0.5536578250581493,0.0,10.890628587395181,3.056365596723948,1.000000699041777
0.6944756377313425,0.0,0.0,0.0,0.5518374224589497,0.0,10.877790790800338,3.0565655967239485,1.0000005960720617
0.6952881951419583,0.0,0.0,0.0,0.5499749554521494,0.0,10.864653403073685,3.0567655967239493,1.0000009783464512
0.6961254028745806,0.0,0.0,0.0,0.5480644168394919,0.0,10.85117969416281,3.05696559672395,1.0000009769346427
0.6969910658369649,0.0,0.0,0.0,0.5460983130755458,0.0,10.837323782854796,3.0571655967239524,1.0000016516100376
0.6978900322239996,0.0,0.0,0.0,0.5440670953865729,0.0,10.823027130889251,3.0573655967239555,1.0000025319853303
0.6988286418652155,0.0,0.0,0.0,0.5419582762647022,0.0,10.80821309850829,3.0575655967239657,1.0000039796583133
0.6998154574380562,0.0,0.0,0.0,0.539754988425643,0.0,10.79277806505088,3.057765596723991,1.0000065751506912
0.7008625329379996,0.0,0.0,0.0,0.5374334847415252,0.0,10.776576025595846,3.05796559672407,1.000011457648492
0.7019877984303233,0.0,0.0,0.0,0.5349584376303126,0.0,10.759389632991347,3.0581655967243675,1.0000221110614977
0.7032200636578007,0.0,0.0,0.0,0.5322730754630974,0.0,10.7408694414489,3.0583655967239474,1.0000000000003673
0.7038909863316698,0.0,0.0,0.0,0.5308226237816547,0.0,10.730931220524914,3.0584655967240995,1.0000144136398175
